case_id,coronary_ellipse_a,coronary_ellipse_b,coronary_ellipse_tilt_deg,iv_ellipse_a,iv_ellipse_b,iv_ellipse_tilt_deg,final_ellipsoid_a,final_ellipsoid_b,final_ellipsoid_c,derivation_method,c_source,statistics_eligible,quality_flags,exclusion_flags
1.label,54.286320833232004,47.397965026776205,-60.03635931101673,509.9084882123958,133.43539308714904,85.42573906001371,54.286320833232004,47.397965026776205,133.43539308714904,"a,b = saved coronary ellipse semi-axes; c = saved LAD ellipse axis most aligned with cardiac z, with smaller-axis stability proxy only for underconstrained partial arcs",smaller_saved_lad_axis_stability_proxy,False,aligned_lad_axis_underconstrained_used_saved_axis_proxy;large_ellipse_center_separation,c_axis_above_3x_observed_lad_z_extent
2.label,52.06008229125159,35.796009166173704,8.223436025572063,62.084193285081284,38.68430127944455,3.4894627008929286,52.06008229125159,35.796009166173704,62.084193285081284,"a,b = saved coronary ellipse semi-axes; c = saved LAD ellipse axis most aligned with cardiac z, with smaller-axis stability proxy only for underconstrained partial arcs",lad_a_axis_most_aligned_with_cardiac_z,True,,
3.label,613.2520962701201,89.01363097989292,-51.89747334373747,307.63982760080944,78.18091581820062,-88.96957270212006,613.2520962701201,89.01363097989292,78.18091581820062,"a,b = saved coronary ellipse semi-axes; c = saved LAD ellipse axis most aligned with cardiac z, with smaller-axis stability proxy only for underconstrained partial arcs",smaller_saved_lad_axis_stability_proxy,False,aligned_lad_axis_underconstrained_used_saved_axis_proxy;large_ellipse_center_separation,c_axis_above_3x_observed_lad_z_extent;underconstrained_crown_axis_ratio_gt_4;underconstrained_crown_major_axis_gt_250mm
4.label,57.32807499079332,35.8147350500864,12.433760007917048,484.45241703573777,141.12531931849733,-45.85913396057177,57.32807499079332,35.8147350500864,141.12531931849733,"a,b = saved coronary ellipse semi-axes; c = saved LAD ellipse axis most aligned with cardiac z, with smaller-axis stability proxy only for underconstrained partial arcs",smaller_saved_lad_axis_stability_proxy,False,aligned_lad_axis_underconstrained_used_saved_axis_proxy;large_ellipse_center_separation,
5.label,59.607362363749495,36.49996290333936,7.320374426189626,81.28275763499775,48.7960869402788,3.9555190720651856,59.607362363749495,36.49996290333936,81.28275763499775,"a,b = saved coronary ellipse semi-axes; c = saved LAD ellipse axis most aligned with cardiac z, with smaller-axis stability proxy only for underconstrained partial arcs",lad_a_axis_most_aligned_with_cardiac_z,True,,
6.label,56.09980077779285,33.49689960738342,-14.333970560122902,49.88859032568712,33.319459321086974,-34.550095851672786,56.09980077779285,33.49689960738342,49.88859032568712,"a,b = saved coronary ellipse semi-axes; c = saved LAD ellipse axis most aligned with cardiac z, with smaller-axis stability proxy only for underconstrained partial arcs",lad_a_axis_most_aligned_with_cardiac_z,True,,
7.label,56.93443976787066,34.571247356012336,-54.26308552071995,450.33438194791444,116.92476688939188,-85.48705054090544,56.93443976787066,34.571247356012336,116.92476688939188,"a,b = saved coronary ellipse semi-axes; c = saved LAD ellipse axis most aligned with cardiac z, with smaller-axis stability proxy only for underconstrained partial arcs",smaller_saved_lad_axis_stability_proxy,True,aligned_lad_axis_underconstrained_used_saved_axis_proxy;large_ellipse_center_separation,
8.label,50.823045346692055,34.63318409616703,-71.95319711867725,222.880468447915,44.415233570139556,-64.83380278705478,50.823045346692055,34.63318409616703,44.415233570139556,"a,b = saved coronary ellipse semi-axes; c = saved LAD ellipse axis most aligned with cardiac z, with smaller-axis stability proxy only for underconstrained partial arcs",lad_b_axis_most_aligned_with_cardiac_z,False,large_ellipse_center_separation,c_axis_above_3x_observed_lad_z_extent
9.label,640.6388016902556,91.72329364348028,-52.97963677245302,412.19015178392044,116.21529818172296,-74.24788420053746,640.6388016902556,91.72329364348028,116.21529818172296,"a,b = saved coronary ellipse semi-axes; c = saved LAD ellipse axis most aligned with cardiac z, with smaller-axis stability proxy only for underconstrained partial arcs",smaller_saved_lad_axis_stability_proxy,False,aligned_lad_axis_underconstrained_used_saved_axis_proxy;large_ellipse_center_separation,c_axis_above_3x_observed_lad_z_extent;underconstrained_crown_axis_ratio_gt_4;underconstrained_crown_major_axis_gt_250mm
10.label,51.15986934063444,38.122687071943986,-4.471827809258094,367.2031457042746,114.78305890364605,35.31203919968442,51.15986934063444,38.122687071943986,114.78305890364605,"a,b = saved coronary ellipse semi-axes; c = saved LAD ellipse axis most aligned with cardiac z, with smaller-axis stability proxy only for underconstrained partial arcs",lad_b_axis_most_aligned_with_cardiac_z,True,large_ellipse_center_separation,
11.label,45.55899738093888,34.4268293283484,6.614099481242727,173.05805134996896,80.75584237906834,79.26542057787653,45.55899738093888,34.4268293283484,80.75584237906834,"a,b = saved coronary ellipse semi-axes; c = saved LAD ellipse axis most aligned with cardiac z, with smaller-axis stability proxy only for underconstrained partial arcs",lad_b_axis_most_aligned_with_cardiac_z,False,large_ellipse_center_separation,
12.label,509.22781827367334,73.9113394539892,-30.928681907943083,424.6276149649565,121.00765551081255,-60.0489230828595,509.22781827367334,73.9113394539892,121.00765551081255,"a,b = saved coronary ellipse semi-axes; c = saved LAD ellipse axis most aligned with cardiac z, with smaller-axis stability proxy only for underconstrained partial arcs",smaller_saved_lad_axis_stability_proxy,False,aligned_lad_axis_underconstrained_used_saved_axis_proxy;large_ellipse_center_separation,c_axis_above_3x_observed_lad_z_extent;underconstrained_crown_axis_ratio_gt_4;underconstrained_crown_major_axis_gt_250mm
13.label,53.27246040526982,32.194816272100525,-2.529894978291124,46.606846167578084,25.59868433240232,63.82481375968859,53.27246040526982,32.194816272100525,46.606846167578084,"a,b = saved coronary ellipse semi-axes; c = saved LAD ellipse axis most aligned with cardiac z, with smaller-axis stability proxy only for underconstrained partial arcs",lad_a_axis_most_aligned_with_cardiac_z,True,,
14.label,47.76478698314216,40.38853024870554,-33.8234065778726,319.1319608393007,74.4944647877611,-41.14268817519488,47.76478698314216,40.38853024870554,74.4944647877611,"a,b = saved coronary ellipse semi-axes; c = saved LAD ellipse axis most aligned with cardiac z, with smaller-axis stability proxy only for underconstrained partial arcs",lad_b_axis_most_aligned_with_cardiac_z,False,large_ellipse_center_separation,
15.label,66.11490268868086,35.88475109045048,-7.584708023189376,315.4572316732006,127.27438866440365,42.28896412205569,66.11490268868086,35.88475109045048,127.27438866440365,"a,b = saved coronary ellipse semi-axes; c = saved LAD ellipse axis most aligned with cardiac z, with smaller-axis stability proxy only for underconstrained partial arcs",lad_b_axis_most_aligned_with_cardiac_z,False,large_ellipse_center_separation,c_axis_above_3x_observed_lad_z_extent
16.label,63.16338843871096,33.35098790476203,-16.838545939685257,485.67229121173426,131.00872760439958,-40.524749892682,63.16338843871096,33.35098790476203,131.00872760439958,"a,b = saved coronary ellipse semi-axes; c = saved LAD ellipse axis most aligned with cardiac z, with smaller-axis stability proxy only for underconstrained partial arcs",lad_b_axis_most_aligned_with_cardiac_z,False,large_ellipse_center_separation,
17.label,53.883297151507456,33.87654641538771,16.855933241483406,214.7326563546626,60.42138771769288,-34.506690562258896,53.883297151507456,33.87654641538771,60.42138771769288,"a,b = saved coronary ellipse semi-axes; c = saved LAD ellipse axis most aligned with cardiac z, with smaller-axis stability proxy only for underconstrained partial arcs",lad_b_axis_most_aligned_with_cardiac_z,False,large_ellipse_center_separation,c_axis_above_3x_observed_lad_z_extent
18.label,41.78541011237983,34.93784967689961,-44.909617540801335,68.05388185310474,40.749820905779885,52.00121590760216,41.78541011237983,34.93784967689961,68.05388185310474,"a,b = saved coronary ellipse semi-axes; c = saved LAD ellipse axis most aligned with cardiac z, with smaller-axis stability proxy only for underconstrained partial arcs",lad_a_axis_most_aligned_with_cardiac_z,True,,
19.label,72.19356497217919,37.20654263867249,-52.73624739847902,340.4056879448132,87.99317528255395,-15.504532573314457,72.19356497217919,37.20654263867249,87.99317528255395,"a,b = saved coronary ellipse semi-axes; c = saved LAD ellipse axis most aligned with cardiac z, with smaller-axis stability proxy only for underconstrained partial arcs",lad_b_axis_most_aligned_with_cardiac_z,False,large_ellipse_center_separation,c_axis_above_3x_observed_lad_z_extent
20.label,73.99693801432636,33.87681270783098,35.128671885110805,50.66072965422995,25.984784954138895,34.95832897094021,73.99693801432636,33.87681270783098,50.66072965422995,"a,b = saved coronary ellipse semi-axes; c = saved LAD ellipse axis most aligned with cardiac z, with smaller-axis stability proxy only for underconstrained partial arcs",lad_a_axis_most_aligned_with_cardiac_z,False,,
21.label,51.732108983271544,37.14243757314877,35.2972940561213,413.1120470999259,105.50014154102435,-25.810981818445683,51.732108983271544,37.14243757314877,105.50014154102435,"a,b = saved coronary ellipse semi-axes; c = saved LAD ellipse axis most aligned with cardiac z, with smaller-axis stability proxy only for underconstrained partial arcs",lad_b_axis_most_aligned_with_cardiac_z,False,large_ellipse_center_separation,
22.label,56.13559850230026,40.25356226323698,-3.0564278854036844,405.4009172630512,106.51424468566081,68.1803397644384,56.13559850230026,40.25356226323698,106.51424468566081,"a,b = saved coronary ellipse semi-axes; c = saved LAD ellipse axis most aligned with cardiac z, with smaller-axis stability proxy only for underconstrained partial arcs",lad_b_axis_most_aligned_with_cardiac_z,False,large_ellipse_center_separation,
23.label,73.32743133732274,36.25494627117472,28.54485068470238,44.938207834795,32.78330658294505,-36.74423074855885,73.32743133732274,36.25494627117472,44.938207834795,"a,b = saved coronary ellipse semi-axes; c = saved LAD ellipse axis most aligned with cardiac z, with smaller-axis stability proxy only for underconstrained partial arcs",lad_a_axis_most_aligned_with_cardiac_z,False,,
24.label,56.396566079367304,40.31517073081246,4.496575795959985,354.4362018735981,139.1001137589978,-18.651357963678446,56.396566079367304,40.31517073081246,139.1001137589978,"a,b = saved coronary ellipse semi-axes; c = saved LAD ellipse axis most aligned with cardiac z, with smaller-axis stability proxy only for underconstrained partial arcs",smaller_saved_lad_axis_stability_proxy,False,aligned_lad_axis_underconstrained_used_saved_axis_proxy;large_ellipse_center_separation,c_axis_above_3x_observed_lad_z_extent
25.label,43.612163212222214,38.52616822913298,3.542183177540091,305.7570695107637,182.85485039811522,74.2742656205044,43.612163212222214,38.52616822913298,182.85485039811522,"a,b = saved coronary ellipse semi-axes; c = saved LAD ellipse axis most aligned with cardiac z, with smaller-axis stability proxy only for underconstrained partial arcs",smaller_saved_lad_axis_stability_proxy,False,aligned_lad_axis_underconstrained_used_saved_axis_proxy;large_ellipse_center_separation,c_axis_above_3x_observed_lad_z_extent
26.label,451.2201398904206,108.10683675091455,78.88687250878274,73.12882289270988,43.47066663649979,-25.4700640516895,451.2201398904206,108.10683675091455,43.47066663649979,"a,b = saved coronary ellipse semi-axes; c = saved LAD ellipse axis most aligned with cardiac z, with smaller-axis stability proxy only for underconstrained partial arcs",lad_b_axis_most_aligned_with_cardiac_z,False,large_ellipse_center_separation,underconstrained_crown_axis_ratio_gt_4;underconstrained_crown_major_axis_gt_250mm
27.label,474.321598647334,90.26082553163002,-83.36563185616156,238.6893431577736,64.7601004693003,-60.29012534640734,474.321598647334,90.26082553163002,64.7601004693003,"a,b = saved coronary ellipse semi-axes; c = saved LAD ellipse axis most aligned with cardiac z, with smaller-axis stability proxy only for underconstrained partial arcs",lad_b_axis_most_aligned_with_cardiac_z,False,large_ellipse_center_separation,c_axis_above_3x_observed_lad_z_extent;underconstrained_crown_axis_ratio_gt_4;underconstrained_crown_major_axis_gt_250mm
28.label,47.66341873838607,38.67427798409158,-12.930149642871385,468.0795972286345,154.68818982481497,22.53593577455428,47.66341873838607,38.67427798409158,154.68818982481497,"a,b = saved coronary ellipse semi-axes; c = saved LAD ellipse axis most aligned with cardiac z, with smaller-axis stability proxy only for underconstrained partial arcs",lad_b_axis_most_aligned_with_cardiac_z,True,large_ellipse_center_separation,
29.label,63.10566835373234,35.37101328336344,12.841645038414669,324.7696310742917,77.05123326011193,-56.484427180415466,63.10566835373234,35.37101328336344,77.05123326011193,"a,b = saved coronary ellipse semi-axes; c = saved LAD ellipse axis most aligned with cardiac z, with smaller-axis stability proxy only for underconstrained partial arcs",smaller_saved_lad_axis_stability_proxy,True,aligned_lad_axis_underconstrained_used_saved_axis_proxy;large_ellipse_center_separation,
30.label,50.22539923211919,37.67900866614125,-16.36271682010618,38.40097904190923,15.526984566160701,-59.23601368274358,50.22539923211919,37.67900866614125,38.40097904190923,"a,b = saved coronary ellipse semi-axes; c = saved LAD ellipse axis most aligned with cardiac z, with smaller-axis stability proxy only for underconstrained partial arcs",lad_a_axis_most_aligned_with_cardiac_z,False,,
31.label,62.39618165008662,43.667418294482495,-14.45063351312605,169.18990951278224,53.47450124747469,-25.720573335885128,62.39618165008662,43.667418294482495,169.18990951278224,"a,b = saved coronary ellipse semi-axes; c = saved LAD ellipse axis most aligned with cardiac z, with smaller-axis stability proxy only for underconstrained partial arcs",lad_a_axis_most_aligned_with_cardiac_z,False,,c_axis_above_3x_observed_lad_z_extent
32.label,59.149134902491106,35.567089002474596,9.640783867804704,42.495699943247,28.39975606664121,78.84149106902369,59.149134902491106,35.567089002474596,42.495699943247,"a,b = saved coronary ellipse semi-axes; c = saved LAD ellipse axis most aligned with cardiac z, with smaller-axis stability proxy only for underconstrained partial arcs",lad_a_axis_most_aligned_with_cardiac_z,False,,
33.label,44.766107748673136,29.283832471683123,16.27846206027761,95.47306688769629,36.72668457613067,74.80611925102212,44.766107748673136,29.283832471683123,36.72668457613067,"a,b = saved coronary ellipse semi-axes; c = saved LAD ellipse axis most aligned with cardiac z, with smaller-axis stability proxy only for underconstrained partial arcs",lad_b_axis_most_aligned_with_cardiac_z,False,,
34.label,485.14887563310566,73.40539762590754,14.126644347169043,16.715363937001616,1.7403340863650427,48.385295999253145,485.14887563310566,73.40539762590754,16.715363937001616,"a,b = saved coronary ellipse semi-axes; c = saved LAD ellipse axis most aligned with cardiac z, with smaller-axis stability proxy only for underconstrained partial arcs",lad_a_axis_most_aligned_with_cardiac_z,False,large_ellipse_center_separation,underconstrained_crown_axis_ratio_gt_4;underconstrained_crown_major_axis_gt_250mm
35.label,597.3900626788122,111.44761536168684,32.38814451164078,214.85253888211926,84.9899530948138,14.302731716123716,597.3900626788122,111.44761536168684,84.9899530948138,"a,b = saved coronary ellipse semi-axes; c = saved LAD ellipse axis most aligned with cardiac z, with smaller-axis stability proxy only for underconstrained partial arcs",smaller_saved_lad_axis_stability_proxy,False,aligned_lad_axis_underconstrained_used_saved_axis_proxy;large_ellipse_center_separation,c_axis_above_3x_observed_lad_z_extent;underconstrained_crown_axis_ratio_gt_4;underconstrained_crown_major_axis_gt_250mm
36.label,53.92801423267825,35.789894018848734,7.639129078136559,32.05062026961884,23.427895738447436,61.32855477098471,53.92801423267825,35.789894018848734,23.427895738447436,"a,b = saved coronary ellipse semi-axes; c = saved LAD ellipse axis most aligned with cardiac z, with smaller-axis stability proxy only for underconstrained partial arcs",lad_b_axis_most_aligned_with_cardiac_z,False,,
37.label,59.56030516067869,33.683228083776314,-0.7404238172678738,522.6027493490722,176.0288751547734,47.65382199843017,59.56030516067869,33.683228083776314,176.0288751547734,"a,b = saved coronary ellipse semi-axes; c = saved LAD ellipse axis most aligned with cardiac z, with smaller-axis stability proxy only for underconstrained partial arcs",lad_b_axis_most_aligned_with_cardiac_z,True,large_ellipse_center_separation,
38.label,53.45834423412681,41.18776893934534,-85.50145577689698,198.5056031621299,10.01840629573715,-10.896365335341898,53.45834423412681,41.18776893934534,198.5056031621299,"a,b = saved coronary ellipse semi-axes; c = saved LAD ellipse axis most aligned with cardiac z, with smaller-axis stability proxy only for underconstrained partial arcs",lad_a_axis_most_aligned_with_cardiac_z,False,large_ellipse_center_separation,c_axis_above_3x_observed_lad_z_extent
39.label,293.36195661611254,102.92136613978103,54.454315510211416,53.48252869425314,39.8894735770446,13.80046009834062,293.36195661611254,102.92136613978103,39.8894735770446,"a,b = saved coronary ellipse semi-axes; c = saved LAD ellipse axis most aligned with cardiac z, with smaller-axis stability proxy only for underconstrained partial arcs",lad_b_axis_most_aligned_with_cardiac_z,False,large_ellipse_center_separation,underconstrained_crown_major_axis_gt_250mm
40.label,49.497133715335664,38.85422980870303,10.393273656000414,298.0294694513671,65.74850246024579,12.142041673335742,49.497133715335664,38.85422980870303,65.74850246024579,"a,b = saved coronary ellipse semi-axes; c = saved LAD ellipse axis most aligned with cardiac z, with smaller-axis stability proxy only for underconstrained partial arcs",smaller_saved_lad_axis_stability_proxy,False,aligned_lad_axis_underconstrained_used_saved_axis_proxy;large_ellipse_center_separation,
41.label,50.22570868689111,25.61731870676851,10.65706356110973,42.964824096804875,11.704926937552475,4.356098060548435,50.22570868689111,25.61731870676851,42.964824096804875,"a,b = saved coronary ellipse semi-axes; c = saved LAD ellipse axis most aligned with cardiac z, with smaller-axis stability proxy only for underconstrained partial arcs",lad_a_axis_most_aligned_with_cardiac_z,False,,c_axis_above_3x_observed_lad_z_extent
42.label,52.825022694665435,47.07791336954601,19.852474111291997,64.15933717990187,40.8496850189645,-21.919482123956136,52.825022694665435,47.07791336954601,40.8496850189645,"a,b = saved coronary ellipse semi-axes; c = saved LAD ellipse axis most aligned with cardiac z, with smaller-axis stability proxy only for underconstrained partial arcs",lad_b_axis_most_aligned_with_cardiac_z,False,,c_axis_above_3x_observed_lad_z_extent
43.label,56.83876247731268,31.21959961261055,12.174550307305786,46.804603590401896,39.2838025883302,46.749510015938434,56.83876247731268,31.21959961261055,46.804603590401896,"a,b = saved coronary ellipse semi-axes; c = saved LAD ellipse axis most aligned with cardiac z, with smaller-axis stability proxy only for underconstrained partial arcs",lad_a_axis_most_aligned_with_cardiac_z,False,,
44.label,47.69706762386574,36.00268240797871,9.948046184625882,418.0408747593783,102.53911362885592,14.088834777636775,47.69706762386574,36.00268240797871,102.53911362885592,"a,b = saved coronary ellipse semi-axes; c = saved LAD ellipse axis most aligned with cardiac z, with smaller-axis stability proxy only for underconstrained partial arcs",smaller_saved_lad_axis_stability_proxy,False,aligned_lad_axis_underconstrained_used_saved_axis_proxy;large_ellipse_center_separation,
45.label,63.597059453177124,37.38513459021614,42.07558743014881,60.9595794401743,40.702733719869386,0.6490143256284245,63.597059453177124,37.38513459021614,40.702733719869386,"a,b = saved coronary ellipse semi-axes; c = saved LAD ellipse axis most aligned with cardiac z, with smaller-axis stability proxy only for underconstrained partial arcs",lad_b_axis_most_aligned_with_cardiac_z,False,,
46.label,57.52154126989414,41.600929659657666,-81.1318101976941,199.397376522777,108.51403459779429,-86.3207224749829,57.52154126989414,41.600929659657666,108.51403459779429,"a,b = saved coronary ellipse semi-axes; c = saved LAD ellipse axis most aligned with cardiac z, with smaller-axis stability proxy only for underconstrained partial arcs",lad_b_axis_most_aligned_with_cardiac_z,False,large_ellipse_center_separation,c_axis_above_3x_observed_lad_z_extent
47.label,52.15449608545078,40.828710443250905,-12.744561107803008,585.548692798387,146.42399142706455,41.75916474841261,52.15449608545078,40.828710443250905,146.42399142706455,"a,b = saved coronary ellipse semi-axes; c = saved LAD ellipse axis most aligned with cardiac z, with smaller-axis stability proxy only for underconstrained partial arcs",smaller_saved_lad_axis_stability_proxy,False,aligned_lad_axis_underconstrained_used_saved_axis_proxy;large_ellipse_center_separation,
48.label,71.64522578356747,36.99561860608756,13.918789663493547,73.56202217864426,42.71699892937029,-16.191130851862262,71.64522578356747,36.99561860608756,73.56202217864426,"a,b = saved coronary ellipse semi-axes; c = saved LAD ellipse axis most aligned with cardiac z, with smaller-axis stability proxy only for underconstrained partial arcs",lad_a_axis_most_aligned_with_cardiac_z,False,,
49.label,52.07637577337427,36.042159988782885,3.090620204751917,49.277479996554845,28.265094202218705,-54.245479113268914,52.07637577337427,36.042159988782885,49.277479996554845,"a,b = saved coronary ellipse semi-axes; c = saved LAD ellipse axis most aligned with cardiac z, with smaller-axis stability proxy only for underconstrained partial arcs",lad_a_axis_most_aligned_with_cardiac_z,True,,
50.label,55.98679188309827,38.59369118621472,-73.65169856569281,173.44724920115002,43.95278543790278,-38.86146668546409,55.98679188309827,38.59369118621472,43.95278543790278,"a,b = saved coronary ellipse semi-axes; c = saved LAD ellipse axis most aligned with cardiac z, with smaller-axis stability proxy only for underconstrained partial arcs",lad_b_axis_most_aligned_with_cardiac_z,False,large_ellipse_center_separation,c_axis_above_3x_observed_lad_z_extent
51.label,47.145354828295716,34.080470439354436,14.162595846846617,223.68776067834958,64.14262788566997,-62.843781987731916,47.145354828295716,34.080470439354436,64.14262788566997,"a,b = saved coronary ellipse semi-axes; c = saved LAD ellipse axis most aligned with cardiac z, with smaller-axis stability proxy only for underconstrained partial arcs",smaller_saved_lad_axis_stability_proxy,False,aligned_lad_axis_underconstrained_used_saved_axis_proxy;large_ellipse_center_separation,c_axis_above_3x_observed_lad_z_extent
52.label,54.06170427336123,39.06968086792607,9.99210147246645,52.00173779304929,33.33530664522326,-54.77213588891081,54.06170427336123,39.06968086792607,33.33530664522326,"a,b = saved coronary ellipse semi-axes; c = saved LAD ellipse axis most aligned with cardiac z, with smaller-axis stability proxy only for underconstrained partial arcs",lad_b_axis_most_aligned_with_cardiac_z,False,,
53.label,46.73121076078569,32.670737533435414,-0.6949325478755999,56.357707835922824,36.96647506188789,18.813607156538545,46.73121076078569,32.670737533435414,56.357707835922824,"a,b = saved coronary ellipse semi-axes; c = saved LAD ellipse axis most aligned with cardiac z, with smaller-axis stability proxy only for underconstrained partial arcs",lad_a_axis_most_aligned_with_cardiac_z,True,,
54.label,55.558867804239526,36.54274299399514,-7.6198054451921635,456.03942231958985,137.01855094863282,49.27785478003175,55.558867804239526,36.54274299399514,137.01855094863282,"a,b = saved coronary ellipse semi-axes; c = saved LAD ellipse axis most aligned with cardiac z, with smaller-axis stability proxy only for underconstrained partial arcs",lad_b_axis_most_aligned_with_cardiac_z,False,large_ellipse_center_separation,
55.label,58.60217425378444,33.44513873681775,11.3570083242056,55.88268133836611,38.42271014268931,21.569934333429124,58.60217425378444,33.44513873681775,55.88268133836611,"a,b = saved coronary ellipse semi-axes; c = saved LAD ellipse axis most aligned with cardiac z, with smaller-axis stability proxy only for underconstrained partial arcs",lad_a_axis_most_aligned_with_cardiac_z,True,,
56.label,58.86861204518299,30.414903358308393,5.333986226957992,58.17564799844097,33.06522571114139,-29.993956956197263,58.86861204518299,30.414903358308393,58.17564799844097,"a,b = saved coronary ellipse semi-axes; c = saved LAD ellipse axis most aligned with cardiac z, with smaller-axis stability proxy only for underconstrained partial arcs",lad_a_axis_most_aligned_with_cardiac_z,True,,
57.label,46.79744047518332,29.92293085831307,41.00074247202648,50.630962103002226,50.0725248793482,-2.848196858648691,46.79744047518332,29.92293085831307,50.0725248793482,"a,b = saved coronary ellipse semi-axes; c = saved LAD ellipse axis most aligned with cardiac z, with smaller-axis stability proxy only for underconstrained partial arcs",lad_b_axis_most_aligned_with_cardiac_z,False,,
58.label,59.76369110482636,30.257080177581052,0.07144848580028443,48.56092732696903,33.484745617954765,31.710115578308383,59.76369110482636,30.257080177581052,48.56092732696903,"a,b = saved coronary ellipse semi-axes; c = saved LAD ellipse axis most aligned with cardiac z, with smaller-axis stability proxy only for underconstrained partial arcs",lad_a_axis_most_aligned_with_cardiac_z,True,,
59.label,53.081311174492186,34.705324936558966,11.77389972544833,355.5922645028592,131.3296221091737,-13.966709508296745,53.081311174492186,34.705324936558966,131.3296221091737,"a,b = saved coronary ellipse semi-axes; c = saved LAD ellipse axis most aligned with cardiac z, with smaller-axis stability proxy only for underconstrained partial arcs",lad_b_axis_most_aligned_with_cardiac_z,False,large_ellipse_center_separation,
60.label,60.65896707612204,38.28050415656205,-28.606964497670965,252.70772816867722,104.81855817064843,88.12364363594753,60.65896707612204,38.28050415656205,104.81855817064843,"a,b = saved coronary ellipse semi-axes; c = saved LAD ellipse axis most aligned with cardiac z, with smaller-axis stability proxy only for underconstrained partial arcs",lad_b_axis_most_aligned_with_cardiac_z,False,large_ellipse_center_separation,c_axis_above_3x_observed_lad_z_extent
61.label,54.2265822603084,29.067742381976192,0.252332695732769,487.9756778871124,137.0555489067242,38.02945224968532,54.2265822603084,29.067742381976192,137.0555489067242,"a,b = saved coronary ellipse semi-axes; c = saved LAD ellipse axis most aligned with cardiac z, with smaller-axis stability proxy only for underconstrained partial arcs",lad_b_axis_most_aligned_with_cardiac_z,True,large_ellipse_center_separation,
62.label,53.032172905767446,33.464129847665625,13.819873964265073,348.90435348705677,114.77098683667714,-0.6762842052053266,53.032172905767446,33.464129847665625,114.77098683667714,"a,b = saved coronary ellipse semi-axes; c = saved LAD ellipse axis most aligned with cardiac z, with smaller-axis stability proxy only for underconstrained partial arcs",smaller_saved_lad_axis_stability_proxy,False,aligned_lad_axis_underconstrained_used_saved_axis_proxy;large_ellipse_center_separation,
63.label,49.0724479702214,32.415965400222746,0.7381910549243901,52.60248490987272,31.382810927984654,43.86093789626228,49.0724479702214,32.415965400222746,52.60248490987272,"a,b = saved coronary ellipse semi-axes; c = saved LAD ellipse axis most aligned with cardiac z, with smaller-axis stability proxy only for underconstrained partial arcs",lad_a_axis_most_aligned_with_cardiac_z,True,,
64.label,47.188821552330246,31.059201155021082,0.9274085814316146,28.919340685730216,4.688580916230615,-88.36805136826925,47.188821552330246,31.059201155021082,28.919340685730216,"a,b = saved coronary ellipse semi-axes; c = saved LAD ellipse axis most aligned with cardiac z, with smaller-axis stability proxy only for underconstrained partial arcs",lad_a_axis_most_aligned_with_cardiac_z,False,,
66.label,56.28778141246466,37.339193060450306,7.688560320799827,286.1582860574727,76.75475364207918,-65.84672780921534,56.28778141246466,37.339193060450306,76.75475364207918,"a,b = saved coronary ellipse semi-axes; c = saved LAD ellipse axis most aligned with cardiac z, with smaller-axis stability proxy only for underconstrained partial arcs",smaller_saved_lad_axis_stability_proxy,False,aligned_lad_axis_underconstrained_used_saved_axis_proxy;large_ellipse_center_separation,c_axis_above_3x_observed_lad_z_extent
67.label,52.77460231652867,38.07532485751509,23.31797179739388,294.7100339574694,106.61947910476462,0.7115298002741941,52.77460231652867,38.07532485751509,106.61947910476462,"a,b = saved coronary ellipse semi-axes; c = saved LAD ellipse axis most aligned with cardiac z, with smaller-axis stability proxy only for underconstrained partial arcs",smaller_saved_lad_axis_stability_proxy,False,aligned_lad_axis_underconstrained_used_saved_axis_proxy;large_ellipse_center_separation,
68.label,50.435955327597235,36.2856918315259,40.90358022127664,230.72899880495143,27.980323213089214,-17.074137356662774,50.435955327597235,36.2856918315259,27.980323213089214,"a,b = saved coronary ellipse semi-axes; c = saved LAD ellipse axis most aligned with cardiac z, with smaller-axis stability proxy only for underconstrained partial arcs",lad_b_axis_most_aligned_with_cardiac_z,False,large_ellipse_center_separation,
69.label,56.360632631359245,35.68459412243831,-0.22436793134917088,283.95764380143714,77.7084930604726,-77.63134352632694,56.360632631359245,35.68459412243831,77.7084930604726,"a,b = saved coronary ellipse semi-axes; c = saved LAD ellipse axis most aligned with cardiac z, with smaller-axis stability proxy only for underconstrained partial arcs",smaller_saved_lad_axis_stability_proxy,False,aligned_lad_axis_underconstrained_used_saved_axis_proxy;large_ellipse_center_separation,c_axis_above_3x_observed_lad_z_extent
70.label,55.928106974946196,34.559911065155084,37.75061117006585,46.45502598856701,39.37173908435599,33.47645117861022,55.928106974946196,34.559911065155084,46.45502598856701,"a,b = saved coronary ellipse semi-axes; c = saved LAD ellipse axis most aligned with cardiac z, with smaller-axis stability proxy only for underconstrained partial arcs",lad_a_axis_most_aligned_with_cardiac_z,False,,
71.label,66.85558894387009,32.21588950600756,25.566884885108657,211.55971051105723,71.62079639571438,-47.41389202724687,66.85558894387009,32.21588950600756,71.62079639571438,"a,b = saved coronary ellipse semi-axes; c = saved LAD ellipse axis most aligned with cardiac z, with smaller-axis stability proxy only for underconstrained partial arcs",smaller_saved_lad_axis_stability_proxy,False,aligned_lad_axis_underconstrained_used_saved_axis_proxy;large_ellipse_center_separation,c_axis_above_3x_observed_lad_z_extent
72.label,55.042582310531614,35.7164154816716,-10.399892289674177,312.8508818208074,83.26855185824729,17.826557165601873,55.042582310531614,35.7164154816716,83.26855185824729,"a,b = saved coronary ellipse semi-axes; c = saved LAD ellipse axis most aligned with cardiac z, with smaller-axis stability proxy only for underconstrained partial arcs",smaller_saved_lad_axis_stability_proxy,True,aligned_lad_axis_underconstrained_used_saved_axis_proxy;large_ellipse_center_separation,
73.label,51.910299531597396,35.28130313065212,24.0263298368622,162.27067662548194,66.97783771564369,22.74594890005277,51.910299531597396,35.28130313065212,162.27067662548194,"a,b = saved coronary ellipse semi-axes; c = saved LAD ellipse axis most aligned with cardiac z, with smaller-axis stability proxy only for underconstrained partial arcs",lad_a_axis_most_aligned_with_cardiac_z,False,large_ellipse_center_separation,c_axis_above_3x_observed_lad_z_extent
74.label,51.80347371337172,34.45702948200638,-48.0958215750324,54.84773513168458,31.421053190519114,15.340426994603536,51.80347371337172,34.45702948200638,31.421053190519114,"a,b = saved coronary ellipse semi-axes; c = saved LAD ellipse axis most aligned with cardiac z, with smaller-axis stability proxy only for underconstrained partial arcs",lad_b_axis_most_aligned_with_cardiac_z,False,,
76.label,63.826916098753415,36.67614869084274,5.528875213709819,54.27715242216903,40.5508533679165,22.59797025278464,63.826916098753415,36.67614869084274,54.27715242216903,"a,b = saved coronary ellipse semi-axes; c = saved LAD ellipse axis most aligned with cardiac z, with smaller-axis stability proxy only for underconstrained partial arcs",lad_a_axis_most_aligned_with_cardiac_z,True,,
77.label,55.19830702762662,37.64208642957627,0.7311851804020885,58.26374289952837,37.21095176633863,22.74104799937686,55.19830702762662,37.64208642957627,37.21095176633863,"a,b = saved coronary ellipse semi-axes; c = saved LAD ellipse axis most aligned with cardiac z, with smaller-axis stability proxy only for underconstrained partial arcs",lad_b_axis_most_aligned_with_cardiac_z,False,,
78.label,51.854486854268046,37.77975762555561,-60.40254594015374,131.00674218032935,45.86027421947465,60.76046804484221,51.854486854268046,37.77975762555561,131.00674218032935,"a,b = saved coronary ellipse semi-axes; c = saved LAD ellipse axis most aligned with cardiac z, with smaller-axis stability proxy only for underconstrained partial arcs",lad_a_axis_most_aligned_with_cardiac_z,False,,c_axis_above_3x_observed_lad_z_extent
79.label,64.48791773399424,40.67955066162977,-5.096893870391299,47.99099568745824,37.99987839338448,-18.14510364166336,64.48791773399424,40.67955066162977,47.99099568745824,"a,b = saved coronary ellipse semi-axes; c = saved LAD ellipse axis most aligned with cardiac z, with smaller-axis stability proxy only for underconstrained partial arcs",lad_a_axis_most_aligned_with_cardiac_z,False,,
81.label,52.22491428227638,35.51372124684505,-0.11935498626220409,55.208991726166396,37.00908778457694,-75.33942814972497,52.22491428227638,35.51372124684505,55.208991726166396,"a,b = saved coronary ellipse semi-axes; c = saved LAD ellipse axis most aligned with cardiac z, with smaller-axis stability proxy only for underconstrained partial arcs",lad_a_axis_most_aligned_with_cardiac_z,False,,
82.label,48.55761955906487,33.02681259941799,7.452548486460234,401.8301272606662,108.631735573673,48.58643284190419,48.55761955906487,33.02681259941799,108.631735573673,"a,b = saved coronary ellipse semi-axes; c = saved LAD ellipse axis most aligned with cardiac z, with smaller-axis stability proxy only for underconstrained partial arcs",lad_b_axis_most_aligned_with_cardiac_z,True,large_ellipse_center_separation,
83.label,56.61118481124586,27.76959573008958,1.2563289836913358,543.8882798881955,152.47599262680578,49.37171426165865,56.61118481124586,27.76959573008958,152.47599262680578,"a,b = saved coronary ellipse semi-axes; c = saved LAD ellipse axis most aligned with cardiac z, with smaller-axis stability proxy only for underconstrained partial arcs",smaller_saved_lad_axis_stability_proxy,False,aligned_lad_axis_underconstrained_used_saved_axis_proxy;large_ellipse_center_separation,c_axis_above_3x_observed_lad_z_extent
84.label,70.97986515323696,38.02077908605675,-66.88189000075431,452.8275534835456,113.30561079082875,86.68642834358995,70.97986515323696,38.02077908605675,113.30561079082875,"a,b = saved coronary ellipse semi-axes; c = saved LAD ellipse axis most aligned with cardiac z, with smaller-axis stability proxy only for underconstrained partial arcs",smaller_saved_lad_axis_stability_proxy,False,aligned_lad_axis_underconstrained_used_saved_axis_proxy;large_ellipse_center_separation,c_axis_above_3x_observed_lad_z_extent
85.label,47.46956772469932,27.7641536601288,-27.012642202696867,27.897371108881536,17.0195274686304,-42.83310577879499,47.46956772469932,27.7641536601288,17.0195274686304,"a,b = saved coronary ellipse semi-axes; c = saved LAD ellipse axis most aligned with cardiac z, with smaller-axis stability proxy only for underconstrained partial arcs",lad_b_axis_most_aligned_with_cardiac_z,False,,
86.label,60.23888812615102,33.82087189034538,10.512302426157676,422.19228250032484,192.37614120304875,46.13292576458104,60.23888812615102,33.82087189034538,192.37614120304875,"a,b = saved coronary ellipse semi-axes; c = saved LAD ellipse axis most aligned with cardiac z, with smaller-axis stability proxy only for underconstrained partial arcs",lad_b_axis_most_aligned_with_cardiac_z,True,large_ellipse_center_separation,
87.label,48.331393681274974,30.98759298243988,46.533825174601475,290.2549762086547,91.58977731130798,-42.32135304021981,48.331393681274974,30.98759298243988,91.58977731130798,"a,b = saved coronary ellipse semi-axes; c = saved LAD ellipse axis most aligned with cardiac z, with smaller-axis stability proxy only for underconstrained partial arcs",smaller_saved_lad_axis_stability_proxy,False,aligned_lad_axis_underconstrained_used_saved_axis_proxy;large_ellipse_center_separation,c_axis_above_3x_observed_lad_z_extent
88.label,56.186515333231796,37.30342466506114,21.689877262324767,218.7818103597518,70.24338870856576,-43.84626336781769,56.186515333231796,37.30342466506114,70.24338870856576,"a,b = saved coronary ellipse semi-axes; c = saved LAD ellipse axis most aligned with cardiac z, with smaller-axis stability proxy only for underconstrained partial arcs",lad_b_axis_most_aligned_with_cardiac_z,False,large_ellipse_center_separation,c_axis_above_3x_observed_lad_z_extent
89.label,52.45866452692243,32.64884880754824,2.891865360909085,459.77601854445845,143.33062924406934,47.842925218271866,52.45866452692243,32.64884880754824,143.33062924406934,"a,b = saved coronary ellipse semi-axes; c = saved LAD ellipse axis most aligned with cardiac z, with smaller-axis stability proxy only for underconstrained partial arcs",lad_b_axis_most_aligned_with_cardiac_z,False,large_ellipse_center_separation,
90.label,56.15953239692049,33.04835534257799,-51.8428922792745,224.50789288835563,37.43641370224806,-55.735726563942436,56.15953239692049,33.04835534257799,37.43641370224806,"a,b = saved coronary ellipse semi-axes; c = saved LAD ellipse axis most aligned with cardiac z, with smaller-axis stability proxy only for underconstrained partial arcs",lad_b_axis_most_aligned_with_cardiac_z,False,large_ellipse_center_separation,
91.label,51.55337765558437,31.416572821935567,9.20958761976372,47.428654027653174,31.905652867400754,-44.85303103297463,51.55337765558437,31.416572821935567,47.428654027653174,"a,b = saved coronary ellipse semi-axes; c = saved LAD ellipse axis most aligned with cardiac z, with smaller-axis stability proxy only for underconstrained partial arcs",lad_a_axis_most_aligned_with_cardiac_z,True,,
92.label,51.74239727587516,37.118840035539584,28.62709759777441,76.58014380265176,56.537694638631194,3.3115427429286446,51.74239727587516,37.118840035539584,76.58014380265176,"a,b = saved coronary ellipse semi-axes; c = saved LAD ellipse axis most aligned with cardiac z, with smaller-axis stability proxy only for underconstrained partial arcs",lad_a_axis_most_aligned_with_cardiac_z,False,,
93.label,57.225769223098766,35.269440241573115,15.794394460479262,324.6906602815729,74.02317254563675,-39.65757110476542,57.225769223098766,35.269440241573115,74.02317254563675,"a,b = saved coronary ellipse semi-axes; c = saved LAD ellipse axis most aligned with cardiac z, with smaller-axis stability proxy only for underconstrained partial arcs",lad_b_axis_most_aligned_with_cardiac_z,False,large_ellipse_center_separation,
94.label,46.330031750336715,38.498153679641426,1.7906203865135737,397.60221099234417,96.32389234664238,63.1612128197352,46.330031750336715,38.498153679641426,96.32389234664238,"a,b = saved coronary ellipse semi-axes; c = saved LAD ellipse axis most aligned with cardiac z, with smaller-axis stability proxy only for underconstrained partial arcs",lad_b_axis_most_aligned_with_cardiac_z,True,large_ellipse_center_separation,
95.label,48.18876767658432,36.778933015647986,-5.318570766819845,391.90687734154517,103.36659995510843,89.69745513996659,48.18876767658432,36.778933015647986,103.36659995510843,"a,b = saved coronary ellipse semi-axes; c = saved LAD ellipse axis most aligned with cardiac z, with smaller-axis stability proxy only for underconstrained partial arcs",smaller_saved_lad_axis_stability_proxy,False,aligned_lad_axis_underconstrained_used_saved_axis_proxy;large_ellipse_center_separation,
96.label,43.89572841114385,39.26185922026388,-12.814860354491747,24.023385214250265,15.257990718818604,51.43239863903127,43.89572841114385,39.26185922026388,15.257990718818604,"a,b = saved coronary ellipse semi-axes; c = saved LAD ellipse axis most aligned with cardiac z, with smaller-axis stability proxy only for underconstrained partial arcs",lad_b_axis_most_aligned_with_cardiac_z,False,,c_axis_below_45pct_of_observed_lad_z_extent
98.label,51.02650113358971,46.54857930774225,32.356814890638766,408.31075685044567,88.89984215430071,-11.532394442738907,51.02650113358971,46.54857930774225,88.89984215430071,"a,b = saved coronary ellipse semi-axes; c = saved LAD ellipse axis most aligned with cardiac z, with smaller-axis stability proxy only for underconstrained partial arcs",lad_b_axis_most_aligned_with_cardiac_z,False,large_ellipse_center_separation,c_axis_above_3x_observed_lad_z_extent
99.label,66.80837444916149,36.63263025005858,23.70213470030689,54.58444510425772,36.47190005360035,20.197928717317385,66.80837444916149,36.63263025005858,54.58444510425772,"a,b = saved coronary ellipse semi-axes; c = saved LAD ellipse axis most aligned with cardiac z, with smaller-axis stability proxy only for underconstrained partial arcs",lad_a_axis_most_aligned_with_cardiac_z,False,,
100.label,54.79592241943205,34.555887670681926,5.566580570549232,227.8852408056717,60.77536800973828,13.595002127711943,54.79592241943205,34.555887670681926,60.77536800973828,"a,b = saved coronary ellipse semi-axes; c = saved LAD ellipse axis most aligned with cardiac z, with smaller-axis stability proxy only for underconstrained partial arcs",smaller_saved_lad_axis_stability_proxy,False,aligned_lad_axis_underconstrained_used_saved_axis_proxy;large_ellipse_center_separation,
101.label,64.35757831875009,32.87398735677083,-66.52384767101908,288.1065568761089,81.99605001158767,-72.67546461982388,64.35757831875009,32.87398735677083,81.99605001158767,"a,b = saved coronary ellipse semi-axes; c = saved LAD ellipse axis most aligned with cardiac z, with smaller-axis stability proxy only for underconstrained partial arcs",smaller_saved_lad_axis_stability_proxy,False,aligned_lad_axis_underconstrained_used_saved_axis_proxy;large_ellipse_center_separation,c_axis_above_3x_observed_lad_z_extent
102.label,59.783669837900476,32.005464413313966,11.11508085816278,63.52519595543059,41.57610376013044,-10.640341080171453,59.783669837900476,32.005464413313966,63.52519595543059,"a,b = saved coronary ellipse semi-axes; c = saved LAD ellipse axis most aligned with cardiac z, with smaller-axis stability proxy only for underconstrained partial arcs",lad_a_axis_most_aligned_with_cardiac_z,True,,
103.label,86.99078638106684,35.943198649153686,14.482619419446554,24.985499968345522,2.4513561175588605,-45.221679929839446,86.99078638106684,35.943198649153686,24.985499968345522,"a,b = saved coronary ellipse semi-axes; c = saved LAD ellipse axis most aligned with cardiac z, with smaller-axis stability proxy only for underconstrained partial arcs",lad_a_axis_most_aligned_with_cardiac_z,False,,
104.label,51.844434500681594,32.81843129136339,-47.44790012357889,53.28996773456007,20.791509003307905,-38.52262814119794,51.844434500681594,32.81843129136339,20.791509003307905,"a,b = saved coronary ellipse semi-axes; c = saved LAD ellipse axis most aligned with cardiac z, with smaller-axis stability proxy only for underconstrained partial arcs",lad_b_axis_most_aligned_with_cardiac_z,False,,
105.label,59.5920932818369,37.61632831121981,22.450333304078416,397.2424842855408,118.88031125353545,-43.58401050389669,59.5920932818369,37.61632831121981,118.88031125353545,"a,b = saved coronary ellipse semi-axes; c = saved LAD ellipse axis most aligned with cardiac z, with smaller-axis stability proxy only for underconstrained partial arcs",lad_b_axis_most_aligned_with_cardiac_z,False,large_ellipse_center_separation,c_axis_above_3x_observed_lad_z_extent
106.label,43.04331674581,32.33854198439753,2.19701960035057,32.64396860694526,25.85300521033663,50.741872768213184,43.04331674581,32.33854198439753,25.85300521033663,"a,b = saved coronary ellipse semi-axes; c = saved LAD ellipse axis most aligned with cardiac z, with smaller-axis stability proxy only for underconstrained partial arcs",lad_b_axis_most_aligned_with_cardiac_z,False,,
107.label,57.299117028740824,37.564566647278,4.1542654264997525,41.25852637979287,8.074021873967709,-73.00685962593455,57.299117028740824,37.564566647278,41.25852637979287,"a,b = saved coronary ellipse semi-axes; c = saved LAD ellipse axis most aligned with cardiac z, with smaller-axis stability proxy only for underconstrained partial arcs",lad_a_axis_most_aligned_with_cardiac_z,True,,
108.label,54.67312161137525,41.23420411009946,-88.97997770433133,160.6115423352701,53.39662537064887,-85.825681135414,54.67312161137525,41.23420411009946,53.39662537064887,"a,b = saved coronary ellipse semi-axes; c = saved LAD ellipse axis most aligned with cardiac z, with smaller-axis stability proxy only for underconstrained partial arcs",lad_b_axis_most_aligned_with_cardiac_z,False,large_ellipse_center_separation,
109.label,63.999738177202815,35.43714990021104,25.452078085056904,153.05753205743193,44.052855974383434,38.59584237972926,63.999738177202815,35.43714990021104,153.05753205743193,"a,b = saved coronary ellipse semi-axes; c = saved LAD ellipse axis most aligned with cardiac z, with smaller-axis stability proxy only for underconstrained partial arcs",lad_a_axis_most_aligned_with_cardiac_z,False,large_ellipse_center_separation,c_axis_above_3x_observed_lad_z_extent
110.label,63.862521003729086,37.773030085712186,-21.618608929121162,272.4570492214916,103.33651901271543,42.369763046083555,63.862521003729086,37.773030085712186,103.33651901271543,"a,b = saved coronary ellipse semi-axes; c = saved LAD ellipse axis most aligned with cardiac z, with smaller-axis stability proxy only for underconstrained partial arcs",smaller_saved_lad_axis_stability_proxy,False,aligned_lad_axis_underconstrained_used_saved_axis_proxy;large_ellipse_center_separation,c_axis_above_3x_observed_lad_z_extent
111.label,52.8844630816836,36.77727496504761,-5.366264986363193,382.8941923360699,122.88831946213595,46.52669341520414,52.8844630816836,36.77727496504761,122.88831946213595,"a,b = saved coronary ellipse semi-axes; c = saved LAD ellipse axis most aligned with cardiac z, with smaller-axis stability proxy only for underconstrained partial arcs",smaller_saved_lad_axis_stability_proxy,False,aligned_lad_axis_underconstrained_used_saved_axis_proxy;large_ellipse_center_separation,c_axis_above_3x_observed_lad_z_extent
112.label,52.77886836669685,31.591275863791548,7.5061182886055136,473.0778366524829,107.17895574443357,50.94574808381292,52.77886836669685,31.591275863791548,107.17895574443357,"a,b = saved coronary ellipse semi-axes; c = saved LAD ellipse axis most aligned with cardiac z, with smaller-axis stability proxy only for underconstrained partial arcs",lad_b_axis_most_aligned_with_cardiac_z,False,large_ellipse_center_separation,
113.label,62.93365622987147,37.55009124127258,9.379320717401841,366.4321319892627,111.69465591267816,85.08020371936054,62.93365622987147,37.55009124127258,111.69465591267816,"a,b = saved coronary ellipse semi-axes; c = saved LAD ellipse axis most aligned with cardiac z, with smaller-axis stability proxy only for underconstrained partial arcs",smaller_saved_lad_axis_stability_proxy,True,aligned_lad_axis_underconstrained_used_saved_axis_proxy;large_ellipse_center_separation,
114.label,535.8731642358937,105.32920776345487,-30.966031734435457,14.105552536932342,4.313980886396393,68.19750044736747,535.8731642358937,105.32920776345487,14.105552536932342,"a,b = saved coronary ellipse semi-axes; c = saved LAD ellipse axis most aligned with cardiac z, with smaller-axis stability proxy only for underconstrained partial arcs",lad_a_axis_most_aligned_with_cardiac_z,False,large_ellipse_center_separation,c_axis_below_45pct_of_observed_lad_z_extent;underconstrained_crown_axis_ratio_gt_4;underconstrained_crown_major_axis_gt_250mm
115.label,64.33234512570316,38.28741664033706,-63.34709010437364,331.4125707102578,99.77706231637973,-83.73291609313861,64.33234512570316,38.28741664033706,99.77706231637973,"a,b = saved coronary ellipse semi-axes; c = saved LAD ellipse axis most aligned with cardiac z, with smaller-axis stability proxy only for underconstrained partial arcs",smaller_saved_lad_axis_stability_proxy,False,aligned_lad_axis_underconstrained_used_saved_axis_proxy;large_ellipse_center_separation,c_axis_above_3x_observed_lad_z_extent
116.label,55.01928816364202,32.88793917257739,-46.755845707575276,242.33180396619258,60.55747014533082,-47.49345089607049,55.01928816364202,32.88793917257739,60.55747014533082,"a,b = saved coronary ellipse semi-axes; c = saved LAD ellipse axis most aligned with cardiac z, with smaller-axis stability proxy only for underconstrained partial arcs",smaller_saved_lad_axis_stability_proxy,False,aligned_lad_axis_underconstrained_used_saved_axis_proxy;large_ellipse_center_separation,
117.label,287.72131068093796,102.50244252552204,64.15852659592751,57.56912558837411,24.64546596239939,50.13128110313902,287.72131068093796,102.50244252552204,57.56912558837411,"a,b = saved coronary ellipse semi-axes; c = saved LAD ellipse axis most aligned with cardiac z, with smaller-axis stability proxy only for underconstrained partial arcs",lad_a_axis_most_aligned_with_cardiac_z,False,large_ellipse_center_separation,underconstrained_crown_major_axis_gt_250mm
118.label,49.25369462766261,38.798479377100634,-28.432553435563992,77.20857540346466,45.18895087997743,-88.92770103920932,49.25369462766261,38.798479377100634,77.20857540346466,"a,b = saved coronary ellipse semi-axes; c = saved LAD ellipse axis most aligned with cardiac z, with smaller-axis stability proxy only for underconstrained partial arcs",lad_a_axis_most_aligned_with_cardiac_z,True,,
119.label,49.209966181603804,32.05263676289854,8.656225768875233,392.16276180129177,96.47495163946311,66.64661412171772,49.209966181603804,32.05263676289854,96.47495163946311,"a,b = saved coronary ellipse semi-axes; c = saved LAD ellipse axis most aligned with cardiac z, with smaller-axis stability proxy only for underconstrained partial arcs",lad_b_axis_most_aligned_with_cardiac_z,False,large_ellipse_center_separation,
120.label,47.3836869055232,35.66247416644469,-2.4595119026963532,277.0542643605471,120.14225172039352,68.266504688207,47.3836869055232,35.66247416644469,120.14225172039352,"a,b = saved coronary ellipse semi-axes; c = saved LAD ellipse axis most aligned with cardiac z, with smaller-axis stability proxy only for underconstrained partial arcs",lad_b_axis_most_aligned_with_cardiac_z,False,large_ellipse_center_separation,c_axis_above_3x_observed_lad_z_extent
121.label,52.632682532226006,36.66350384069095,-5.547024817488402,52.162393167480076,28.83616903498902,-44.288104138882815,52.632682532226006,36.66350384069095,52.162393167480076,"a,b = saved coronary ellipse semi-axes; c = saved LAD ellipse axis most aligned with cardiac z, with smaller-axis stability proxy only for underconstrained partial arcs",lad_a_axis_most_aligned_with_cardiac_z,True,,
122.label,45.06449873396673,35.82673145457247,4.765363990326862,57.21307384989342,36.32473740177805,-23.488229706944697,45.06449873396673,35.82673145457247,57.21307384989342,"a,b = saved coronary ellipse semi-axes; c = saved LAD ellipse axis most aligned with cardiac z, with smaller-axis stability proxy only for underconstrained partial arcs",lad_a_axis_most_aligned_with_cardiac_z,True,,
123.label,44.01019201963038,39.02767692620131,41.46759224926718,295.32541714359223,75.46369818095393,-84.61783292483692,44.01019201963038,39.02767692620131,75.46369818095393,"a,b = saved coronary ellipse semi-axes; c = saved LAD ellipse axis most aligned with cardiac z, with smaller-axis stability proxy only for underconstrained partial arcs",lad_b_axis_most_aligned_with_cardiac_z,False,large_ellipse_center_separation,c_axis_above_3x_observed_lad_z_extent
124.label,50.29756120131062,38.22283503152201,22.17315749761438,398.3900544748132,104.38917510427453,43.80607952737598,50.29756120131062,38.22283503152201,104.38917510427453,"a,b = saved coronary ellipse semi-axes; c = saved LAD ellipse axis most aligned with cardiac z, with smaller-axis stability proxy only for underconstrained partial arcs",lad_b_axis_most_aligned_with_cardiac_z,False,large_ellipse_center_separation,
125.label,61.440104292229606,31.030547725700625,2.187142781265168,45.669230554363786,28.639737503566682,-0.5278889991269418,61.440104292229606,31.030547725700625,45.669230554363786,"a,b = saved coronary ellipse semi-axes; c = saved LAD ellipse axis most aligned with cardiac z, with smaller-axis stability proxy only for underconstrained partial arcs",lad_a_axis_most_aligned_with_cardiac_z,True,,
126.label,51.44467237839089,33.59665528368685,29.137096992341597,50.92505429608162,44.03440758006227,5.274225282336698,51.44467237839089,33.59665528368685,44.03440758006227,"a,b = saved coronary ellipse semi-axes; c = saved LAD ellipse axis most aligned with cardiac z, with smaller-axis stability proxy only for underconstrained partial arcs",lad_b_axis_most_aligned_with_cardiac_z,True,,
127.label,87.84618096205351,46.18314716243461,-79.98052760919089,29.775838831432964,2.3941463994707686,-32.13238262148689,87.84618096205351,46.18314716243461,2.3941463994707686,"a,b = saved coronary ellipse semi-axes; c = saved LAD ellipse axis most aligned with cardiac z, with smaller-axis stability proxy only for underconstrained partial arcs",smaller_saved_lad_axis_stability_proxy,False,aligned_lad_axis_underconstrained_used_saved_axis_proxy,c_axis_below_45pct_of_observed_lad_z_extent;long_axis_proxy_outside_10_to_220mm
128.label,635.4061982150062,98.93595311916772,-37.877606566152,70.37004236432259,51.29598028702616,-46.02842586913493,635.4061982150062,98.93595311916772,51.29598028702616,"a,b = saved coronary ellipse semi-axes; c = saved LAD ellipse axis most aligned with cardiac z, with smaller-axis stability proxy only for underconstrained partial arcs",lad_b_axis_most_aligned_with_cardiac_z,False,large_ellipse_center_separation,underconstrained_crown_axis_ratio_gt_4;underconstrained_crown_major_axis_gt_250mm
129.label,55.39438869748393,30.280514812203965,6.822017462886053,67.13538579694792,38.48347289470641,-15.982388339081021,55.39438869748393,30.280514812203965,67.13538579694792,"a,b = saved coronary ellipse semi-axes; c = saved LAD ellipse axis most aligned with cardiac z, with smaller-axis stability proxy only for underconstrained partial arcs",lad_a_axis_most_aligned_with_cardiac_z,False,,
131.label,49.11887221630362,37.111123608807546,-11.263373565416,431.22283423410084,122.72877266327272,45.23209627554222,49.11887221630362,37.111123608807546,122.72877266327272,"a,b = saved coronary ellipse semi-axes; c = saved LAD ellipse axis most aligned with cardiac z, with smaller-axis stability proxy only for underconstrained partial arcs",lad_b_axis_most_aligned_with_cardiac_z,False,large_ellipse_center_separation,c_axis_above_3x_observed_lad_z_extent
132.label,56.45978203486373,30.339683183420245,31.517595535080293,47.28757301926211,27.29968329400179,-69.05891995787928,56.45978203486373,30.339683183420245,47.28757301926211,"a,b = saved coronary ellipse semi-axes; c = saved LAD ellipse axis most aligned with cardiac z, with smaller-axis stability proxy only for underconstrained partial arcs",lad_a_axis_most_aligned_with_cardiac_z,False,,
133.label,57.97728682658865,36.10908172626179,0.18659228264519365,326.2970821802604,121.2189259166755,-67.10735144499357,57.97728682658865,36.10908172626179,121.2189259166755,"a,b = saved coronary ellipse semi-axes; c = saved LAD ellipse axis most aligned with cardiac z, with smaller-axis stability proxy only for underconstrained partial arcs",lad_b_axis_most_aligned_with_cardiac_z,True,large_ellipse_center_separation,
134.label,46.97731589624435,28.145727706491726,18.81898690105119,282.5066860163619,95.98954293299832,75.82875340862151,46.97731589624435,28.145727706491726,95.98954293299832,"a,b = saved coronary ellipse semi-axes; c = saved LAD ellipse axis most aligned with cardiac z, with smaller-axis stability proxy only for underconstrained partial arcs",smaller_saved_lad_axis_stability_proxy,True,aligned_lad_axis_underconstrained_used_saved_axis_proxy;large_ellipse_center_separation,
135.label,48.82477847730383,34.15446601378747,-6.7378958071654775,68.54048311280387,36.29759533501368,-74.34495817338819,48.82477847730383,34.15446601378747,68.54048311280387,"a,b = saved coronary ellipse semi-axes; c = saved LAD ellipse axis most aligned with cardiac z, with smaller-axis stability proxy only for underconstrained partial arcs",lad_a_axis_most_aligned_with_cardiac_z,False,,
136.label,55.102601623175225,40.795089775733906,-71.08095487816429,580.7450395361083,163.752345423572,-42.2044194120643,55.102601623175225,40.795089775733906,163.752345423572,"a,b = saved coronary ellipse semi-axes; c = saved LAD ellipse axis most aligned with cardiac z, with smaller-axis stability proxy only for underconstrained partial arcs",smaller_saved_lad_axis_stability_proxy,False,aligned_lad_axis_underconstrained_used_saved_axis_proxy;large_ellipse_center_separation,c_axis_above_3x_observed_lad_z_extent
137.label,54.727949553556705,28.73617321126218,8.586357562909818,429.5438173481462,87.32266048680593,-60.99015030380633,54.727949553556705,28.73617321126218,87.32266048680593,"a,b = saved coronary ellipse semi-axes; c = saved LAD ellipse axis most aligned with cardiac z, with smaller-axis stability proxy only for underconstrained partial arcs",smaller_saved_lad_axis_stability_proxy,True,aligned_lad_axis_underconstrained_used_saved_axis_proxy;large_ellipse_center_separation,
138.label,82.3782199927368,39.74805956500541,13.513755208343659,49.95891023859817,30.85125664749646,19.775555985034867,82.3782199927368,39.74805956500541,49.95891023859817,"a,b = saved coronary ellipse semi-axes; c = saved LAD ellipse axis most aligned with cardiac z, with smaller-axis stability proxy only for underconstrained partial arcs",lad_a_axis_most_aligned_with_cardiac_z,False,,
139.label,59.69316190308651,31.97649012528706,18.255375463971294,68.61491471205031,42.79214848018371,-60.06591420833423,59.69316190308651,31.97649012528706,68.61491471205031,"a,b = saved coronary ellipse semi-axes; c = saved LAD ellipse axis most aligned with cardiac z, with smaller-axis stability proxy only for underconstrained partial arcs",lad_a_axis_most_aligned_with_cardiac_z,False,,
140.label,96.04982683232473,38.687741220720284,-39.07547025971398,448.1743765771411,112.95769258923195,-72.83112654785252,96.04982683232473,38.687741220720284,112.95769258923195,"a,b = saved coronary ellipse semi-axes; c = saved LAD ellipse axis most aligned with cardiac z, with smaller-axis stability proxy only for underconstrained partial arcs",smaller_saved_lad_axis_stability_proxy,False,aligned_lad_axis_underconstrained_used_saved_axis_proxy;large_ellipse_center_separation,c_axis_above_3x_observed_lad_z_extent
141.label,49.24631683521497,39.61425748050298,5.287421610495164,47.81692347991097,30.75137440147263,-66.85860605789698,49.24631683521497,39.61425748050298,47.81692347991097,"a,b = saved coronary ellipse semi-axes; c = saved LAD ellipse axis most aligned with cardiac z, with smaller-axis stability proxy only for underconstrained partial arcs",lad_a_axis_most_aligned_with_cardiac_z,True,,
142.label,54.461243456888305,36.72807859856528,0.5469858005267114,63.96967969967486,42.06131777890533,-24.155555296820946,54.461243456888305,36.72807859856528,63.96967969967486,"a,b = saved coronary ellipse semi-axes; c = saved LAD ellipse axis most aligned with cardiac z, with smaller-axis stability proxy only for underconstrained partial arcs",lad_a_axis_most_aligned_with_cardiac_z,False,,
143.label,60.509112509322854,44.632452211805386,56.632423570689475,44.00444854282112,29.531037334024052,28.80048314604203,60.509112509322854,44.632452211805386,29.531037334024052,"a,b = saved coronary ellipse semi-axes; c = saved LAD ellipse axis most aligned with cardiac z, with smaller-axis stability proxy only for underconstrained partial arcs",lad_b_axis_most_aligned_with_cardiac_z,True,,
144.label,50.990563391316975,34.99951801143656,35.566377213144285,42.01317042888099,31.324360518825078,22.33687164199807,50.990563391316975,34.99951801143656,31.324360518825078,"a,b = saved coronary ellipse semi-axes; c = saved LAD ellipse axis most aligned with cardiac z, with smaller-axis stability proxy only for underconstrained partial arcs",lad_b_axis_most_aligned_with_cardiac_z,False,,
145.label,57.42828263291784,38.961587523083224,-9.347598773561682,27.8535155182022,7.918715739678351,54.17686105614719,57.42828263291784,38.961587523083224,7.918715739678351,"a,b = saved coronary ellipse semi-axes; c = saved LAD ellipse axis most aligned with cardiac z, with smaller-axis stability proxy only for underconstrained partial arcs",smaller_saved_lad_axis_stability_proxy,False,aligned_lad_axis_underconstrained_used_saved_axis_proxy,c_axis_below_45pct_of_observed_lad_z_extent;long_axis_proxy_outside_10_to_220mm
146.label,49.487251902342855,29.896715834000947,2.210412412073673,451.1953823616422,139.62371016574653,-44.85807727303114,49.487251902342855,29.896715834000947,139.62371016574653,"a,b = saved coronary ellipse semi-axes; c = saved LAD ellipse axis most aligned with cardiac z, with smaller-axis stability proxy only for underconstrained partial arcs",lad_b_axis_most_aligned_with_cardiac_z,True,large_ellipse_center_separation,
147.label,53.6908743635264,40.9434366283931,-81.77435956169198,164.59203061197707,19.116279486357005,13.436787086213815,53.6908743635264,40.9434366283931,164.59203061197707,"a,b = saved coronary ellipse semi-axes; c = saved LAD ellipse axis most aligned with cardiac z, with smaller-axis stability proxy only for underconstrained partial arcs",lad_a_axis_most_aligned_with_cardiac_z,False,large_ellipse_center_separation,c_axis_above_3x_observed_lad_z_extent
148.label,60.42469586769199,32.85041003480858,3.943913660153931,62.21991432729041,37.9068209568626,-7.212576821961348,60.42469586769199,32.85041003480858,62.21991432729041,"a,b = saved coronary ellipse semi-axes; c = saved LAD ellipse axis most aligned with cardiac z, with smaller-axis stability proxy only for underconstrained partial arcs",lad_a_axis_most_aligned_with_cardiac_z,False,,
150.label,56.793471664817886,51.347684004841696,2.9721144570211986,430.3100977440207,102.28847297518114,-19.343455028398093,56.793471664817886,51.347684004841696,102.28847297518114,"a,b = saved coronary ellipse semi-axes; c = saved LAD ellipse axis most aligned with cardiac z, with smaller-axis stability proxy only for underconstrained partial arcs",lad_b_axis_most_aligned_with_cardiac_z,True,large_ellipse_center_separation,
151.label,60.46502163728342,34.03438404185314,12.404168442797022,50.91303084791427,37.33134240790436,20.337558784424736,60.46502163728342,34.03438404185314,50.91303084791427,"a,b = saved coronary ellipse semi-axes; c = saved LAD ellipse axis most aligned with cardiac z, with smaller-axis stability proxy only for underconstrained partial arcs",lad_a_axis_most_aligned_with_cardiac_z,False,,
152.label,54.8799240952517,30.336587976558167,-63.53549609432855,52.140709302111084,26.051512705315684,23.80855768871463,54.8799240952517,30.336587976558167,26.051512705315684,"a,b = saved coronary ellipse semi-axes; c = saved LAD ellipse axis most aligned with cardiac z, with smaller-axis stability proxy only for underconstrained partial arcs",lad_b_axis_most_aligned_with_cardiac_z,False,,c_axis_below_45pct_of_observed_lad_z_extent
153.label,49.63734740017487,37.33560384338574,7.258991184818915,61.56107633461811,33.78281138186762,-15.687397860475002,49.63734740017487,37.33560384338574,61.56107633461811,"a,b = saved coronary ellipse semi-axes; c = saved LAD ellipse axis most aligned with cardiac z, with smaller-axis stability proxy only for underconstrained partial arcs",lad_a_axis_most_aligned_with_cardiac_z,True,,
154.label,55.01853898337043,35.61560817319397,-0.782320721002908,233.1177263563582,65.78419330301523,-26.605037208733663,55.01853898337043,35.61560817319397,65.78419330301523,"a,b = saved coronary ellipse semi-axes; c = saved LAD ellipse axis most aligned with cardiac z, with smaller-axis stability proxy only for underconstrained partial arcs",smaller_saved_lad_axis_stability_proxy,False,aligned_lad_axis_underconstrained_used_saved_axis_proxy;large_ellipse_center_separation,c_axis_above_3x_observed_lad_z_extent
155.label,48.92198004001086,38.453746306084426,-3.325385676214008,18.983225846772974,3.4463434963842423,-76.62308246794595,48.92198004001086,38.453746306084426,18.983225846772974,"a,b = saved coronary ellipse semi-axes; c = saved LAD ellipse axis most aligned with cardiac z, with smaller-axis stability proxy only for underconstrained partial arcs",lad_a_axis_most_aligned_with_cardiac_z,True,,
156.label,48.27143461464277,35.566157650052574,-6.697063492648079,314.8924856609119,74.33173698069004,89.9093939333973,48.27143461464277,35.566157650052574,74.33173698069004,"a,b = saved coronary ellipse semi-axes; c = saved LAD ellipse axis most aligned with cardiac z, with smaller-axis stability proxy only for underconstrained partial arcs",smaller_saved_lad_axis_stability_proxy,True,aligned_lad_axis_underconstrained_used_saved_axis_proxy;large_ellipse_center_separation,
157.label,55.33568464768765,41.180175901927,22.020521958647212,39.34811106043783,23.455392139592846,-14.78287534952117,55.33568464768765,41.180175901927,23.455392139592846,"a,b = saved coronary ellipse semi-axes; c = saved LAD ellipse axis most aligned with cardiac z, with smaller-axis stability proxy only for underconstrained partial arcs",lad_b_axis_most_aligned_with_cardiac_z,False,,
158.label,42.86753090216661,35.41061849035742,34.00694091197058,33.021487250309676,11.390417272247221,-39.73084928249752,42.86753090216661,35.41061849035742,33.021487250309676,"a,b = saved coronary ellipse semi-axes; c = saved LAD ellipse axis most aligned with cardiac z, with smaller-axis stability proxy only for underconstrained partial arcs",lad_a_axis_most_aligned_with_cardiac_z,False,,
159.label,604.4822086622215,84.73354020584637,-41.107108436455945,37.069125011018194,7.908836574756965,20.053548562929628,604.4822086622215,84.73354020584637,37.069125011018194,"a,b = saved coronary ellipse semi-axes; c = saved LAD ellipse axis most aligned with cardiac z, with smaller-axis stability proxy only for underconstrained partial arcs",lad_a_axis_most_aligned_with_cardiac_z,False,large_ellipse_center_separation,c_axis_above_3x_observed_lad_z_extent;underconstrained_crown_axis_ratio_gt_4;underconstrained_crown_major_axis_gt_250mm
160.label,55.77636118443617,39.16915678059504,-59.73117934641905,55.692622523392544,9.776520880462998,-12.877256292572676,55.77636118443617,39.16915678059504,55.692622523392544,"a,b = saved coronary ellipse semi-axes; c = saved LAD ellipse axis most aligned with cardiac z, with smaller-axis stability proxy only for underconstrained partial arcs",lad_a_axis_most_aligned_with_cardiac_z,False,,c_axis_above_3x_observed_lad_z_extent
161.label,704.5866550509471,100.67916913547234,-45.39788879623389,425.83772511875986,132.596110436335,-81.24297774136238,704.5866550509471,100.67916913547234,132.596110436335,"a,b = saved coronary ellipse semi-axes; c = saved LAD ellipse axis most aligned with cardiac z, with smaller-axis stability proxy only for underconstrained partial arcs",smaller_saved_lad_axis_stability_proxy,False,aligned_lad_axis_underconstrained_used_saved_axis_proxy;large_ellipse_center_separation,c_axis_above_3x_observed_lad_z_extent;underconstrained_crown_axis_ratio_gt_4;underconstrained_crown_major_axis_gt_250mm
162.label,50.68699565152006,38.262324941127176,9.939525656549979,41.8654436874089,26.069822880277428,-59.952465625796485,50.68699565152006,38.262324941127176,41.8654436874089,"a,b = saved coronary ellipse semi-axes; c = saved LAD ellipse axis most aligned with cardiac z, with smaller-axis stability proxy only for underconstrained partial arcs",lad_a_axis_most_aligned_with_cardiac_z,True,,
163.label,92.48795395136615,38.03572166222712,-54.71040246421238,465.4012496004235,122.87794341741765,-26.79271755868839,92.48795395136615,38.03572166222712,122.87794341741765,"a,b = saved coronary ellipse semi-axes; c = saved LAD ellipse axis most aligned with cardiac z, with smaller-axis stability proxy only for underconstrained partial arcs",lad_b_axis_most_aligned_with_cardiac_z,False,large_ellipse_center_separation,c_axis_above_3x_observed_lad_z_extent
164.label,44.86697606364154,38.78942275138327,2.3900557558407343,370.7769950175493,96.51907701779125,80.24634724056807,44.86697606364154,38.78942275138327,96.51907701779125,"a,b = saved coronary ellipse semi-axes; c = saved LAD ellipse axis most aligned with cardiac z, with smaller-axis stability proxy only for underconstrained partial arcs",lad_b_axis_most_aligned_with_cardiac_z,False,large_ellipse_center_separation,c_axis_above_3x_observed_lad_z_extent
166.label,61.3153525175528,35.59852461095986,8.251621072445968,367.1120626136394,89.11079013917461,31.395757988713306,61.3153525175528,35.59852461095986,89.11079013917461,"a,b = saved coronary ellipse semi-axes; c = saved LAD ellipse axis most aligned with cardiac z, with smaller-axis stability proxy only for underconstrained partial arcs",lad_b_axis_most_aligned_with_cardiac_z,True,large_ellipse_center_separation,
167.label,46.12805176111703,38.51911422490307,-87.43620336767032,476.33171321213985,137.92136459571944,-57.388440276553816,46.12805176111703,38.51911422490307,137.92136459571944,"a,b = saved coronary ellipse semi-axes; c = saved LAD ellipse axis most aligned with cardiac z, with smaller-axis stability proxy only for underconstrained partial arcs",lad_b_axis_most_aligned_with_cardiac_z,False,large_ellipse_center_separation,c_axis_above_3x_observed_lad_z_extent
168.label,56.02938212653635,35.81480972787451,1.6797901660330778,484.0227822854987,146.3071941026657,48.44723707591921,56.02938212653635,35.81480972787451,146.3071941026657,"a,b = saved coronary ellipse semi-axes; c = saved LAD ellipse axis most aligned with cardiac z, with smaller-axis stability proxy only for underconstrained partial arcs",lad_b_axis_most_aligned_with_cardiac_z,False,large_ellipse_center_separation,
169.label,59.19450689108344,39.525269826944836,-45.845950934795695,233.6185040531869,81.36889332332471,-82.12743892572077,59.19450689108344,39.525269826944836,81.36889332332471,"a,b = saved coronary ellipse semi-axes; c = saved LAD ellipse axis most aligned with cardiac z, with smaller-axis stability proxy only for underconstrained partial arcs",lad_b_axis_most_aligned_with_cardiac_z,False,large_ellipse_center_separation,c_axis_above_3x_observed_lad_z_extent
170.label,559.6030189091784,76.25997411887533,-30.35954329954667,435.3902528505651,122.41494156638866,-24.395712850926515,559.6030189091784,76.25997411887533,122.41494156638866,"a,b = saved coronary ellipse semi-axes; c = saved LAD ellipse axis most aligned with cardiac z, with smaller-axis stability proxy only for underconstrained partial arcs",lad_b_axis_most_aligned_with_cardiac_z,False,large_ellipse_center_separation,c_axis_above_3x_observed_lad_z_extent;underconstrained_crown_axis_ratio_gt_4;underconstrained_crown_major_axis_gt_250mm
172.label,57.77317837585764,32.01487634964927,-1.6832976388816634,55.61974441878031,41.36540761443986,18.96857751158557,57.77317837585764,32.01487634964927,41.36540761443986,"a,b = saved coronary ellipse semi-axes; c = saved LAD ellipse axis most aligned with cardiac z, with smaller-axis stability proxy only for underconstrained partial arcs",lad_b_axis_most_aligned_with_cardiac_z,True,,
173.label,50.60485574513536,34.73243337145204,8.138570084507425,443.2489969624471,81.7346750260252,-19.301628663448067,50.60485574513536,34.73243337145204,81.7346750260252,"a,b = saved coronary ellipse semi-axes; c = saved LAD ellipse axis most aligned with cardiac z, with smaller-axis stability proxy only for underconstrained partial arcs",smaller_saved_lad_axis_stability_proxy,False,aligned_lad_axis_underconstrained_used_saved_axis_proxy;large_ellipse_center_separation,c_axis_above_3x_observed_lad_z_extent
174.label,67.03405100291853,47.653915833101074,-28.33514195665616,674.5101977115339,189.80380552324175,-40.83560111331351,67.03405100291853,47.653915833101074,189.80380552324175,"a,b = saved coronary ellipse semi-axes; c = saved LAD ellipse axis most aligned with cardiac z, with smaller-axis stability proxy only for underconstrained partial arcs",lad_b_axis_most_aligned_with_cardiac_z,False,large_ellipse_center_separation,c_axis_above_3x_observed_lad_z_extent
175.label,49.81171007481084,36.793246157546896,10.298011748226372,59.54024824291311,38.94580329087987,36.304054853677854,49.81171007481084,36.793246157546896,59.54024824291311,"a,b = saved coronary ellipse semi-axes; c = saved LAD ellipse axis most aligned with cardiac z, with smaller-axis stability proxy only for underconstrained partial arcs",lad_a_axis_most_aligned_with_cardiac_z,True,,
177.label,71.29395895223172,36.307656238168,5.456730283792434,385.2773903069405,108.14643807196674,-79.00277294824858,71.29395895223172,36.307656238168,108.14643807196674,"a,b = saved coronary ellipse semi-axes; c = saved LAD ellipse axis most aligned with cardiac z, with smaller-axis stability proxy only for underconstrained partial arcs",lad_b_axis_most_aligned_with_cardiac_z,True,large_ellipse_center_separation,
178.label,75.27543303029633,39.11680800979803,-14.252419321078472,469.6026542813774,159.78330031648628,47.90317285577546,75.27543303029633,39.11680800979803,159.78330031648628,"a,b = saved coronary ellipse semi-axes; c = saved LAD ellipse axis most aligned with cardiac z, with smaller-axis stability proxy only for underconstrained partial arcs",lad_b_axis_most_aligned_with_cardiac_z,False,large_ellipse_center_separation,
179.label,92.39353699570916,42.67667609243628,20.365430097731068,55.120422107579046,39.95184600297085,-45.48764022908235,92.39353699570916,42.67667609243628,55.120422107579046,"a,b = saved coronary ellipse semi-axes; c = saved LAD ellipse axis most aligned with cardiac z, with smaller-axis stability proxy only for underconstrained partial arcs",lad_a_axis_most_aligned_with_cardiac_z,False,,
180.label,57.39334880990021,36.872680338195295,-35.50260709260267,252.69521576727317,46.497616886472436,-65.31407961528818,57.39334880990021,36.872680338195295,46.497616886472436,"a,b = saved coronary ellipse semi-axes; c = saved LAD ellipse axis most aligned with cardiac z, with smaller-axis stability proxy only for underconstrained partial arcs",lad_b_axis_most_aligned_with_cardiac_z,False,large_ellipse_center_separation,
181.label,57.43839713482734,39.58677979004823,21.002580841589502,58.67748097852959,36.86657743299725,-66.03395737670654,57.43839713482734,39.58677979004823,36.86657743299725,"a,b = saved coronary ellipse semi-axes; c = saved LAD ellipse axis most aligned with cardiac z, with smaller-axis stability proxy only for underconstrained partial arcs",lad_b_axis_most_aligned_with_cardiac_z,False,,c_axis_below_45pct_of_observed_lad_z_extent
182.label,52.22263701439805,35.21528896513195,26.163293708774315,160.89478680876377,79.17974648911333,49.0450543751258,52.22263701439805,35.21528896513195,160.89478680876377,"a,b = saved coronary ellipse semi-axes; c = saved LAD ellipse axis most aligned with cardiac z, with smaller-axis stability proxy only for underconstrained partial arcs",lad_a_axis_most_aligned_with_cardiac_z,False,,c_axis_above_3x_observed_lad_z_extent
183.label,58.99109225194001,30.40814026531478,10.867682508828171,44.057772146484304,18.22798074671977,37.77807670740927,58.99109225194001,30.40814026531478,18.22798074671977,"a,b = saved coronary ellipse semi-axes; c = saved LAD ellipse axis most aligned with cardiac z, with smaller-axis stability proxy only for underconstrained partial arcs",lad_b_axis_most_aligned_with_cardiac_z,False,,c_axis_below_45pct_of_observed_lad_z_extent
184.label,43.45620019699053,34.84408990338567,-6.192310268291742,422.42187378236684,157.58092206194746,-36.60424119887396,43.45620019699053,34.84408990338567,157.58092206194746,"a,b = saved coronary ellipse semi-axes; c = saved LAD ellipse axis most aligned with cardiac z, with smaller-axis stability proxy only for underconstrained partial arcs",lad_b_axis_most_aligned_with_cardiac_z,True,large_ellipse_center_separation,
185.label,55.8866948393449,32.99722745124905,7.256319424599832,324.60149306038613,118.24194788487058,75.26687914176574,55.8866948393449,32.99722745124905,118.24194788487058,"a,b = saved coronary ellipse semi-axes; c = saved LAD ellipse axis most aligned with cardiac z, with smaller-axis stability proxy only for underconstrained partial arcs",smaller_saved_lad_axis_stability_proxy,True,aligned_lad_axis_underconstrained_used_saved_axis_proxy;large_ellipse_center_separation,
186.label,62.353042769414,34.81061233025085,-2.576331502972015,111.0389383974068,62.10880718189332,-48.39455289506745,62.353042769414,34.81061233025085,111.0389383974068,"a,b = saved coronary ellipse semi-axes; c = saved LAD ellipse axis most aligned with cardiac z, with smaller-axis stability proxy only for underconstrained partial arcs",lad_a_axis_most_aligned_with_cardiac_z,False,,c_axis_above_3x_observed_lad_z_extent
187.label,50.139468716824325,36.39491251329109,37.54871799770226,49.043737715574906,34.29535128944131,-74.03834787896069,50.139468716824325,36.39491251329109,34.29535128944131,"a,b = saved coronary ellipse semi-axes; c = saved LAD ellipse axis most aligned with cardiac z, with smaller-axis stability proxy only for underconstrained partial arcs",lad_b_axis_most_aligned_with_cardiac_z,False,,
188.label,72.17838787751232,48.554460089452576,83.0250064635034,414.37504759370216,97.49973066700161,-58.78225337977829,72.17838787751232,48.554460089452576,97.49973066700161,"a,b = saved coronary ellipse semi-axes; c = saved LAD ellipse axis most aligned with cardiac z, with smaller-axis stability proxy only for underconstrained partial arcs",smaller_saved_lad_axis_stability_proxy,False,aligned_lad_axis_underconstrained_used_saved_axis_proxy;large_ellipse_center_separation,c_axis_above_3x_observed_lad_z_extent
189.label,49.6527447333199,33.97276195641031,-3.3029278382091767,404.3566153784171,113.10477000298124,6.6058124497872,49.6527447333199,33.97276195641031,113.10477000298124,"a,b = saved coronary ellipse semi-axes; c = saved LAD ellipse axis most aligned with cardiac z, with smaller-axis stability proxy only for underconstrained partial arcs",smaller_saved_lad_axis_stability_proxy,True,aligned_lad_axis_underconstrained_used_saved_axis_proxy;large_ellipse_center_separation,
190.label,53.71859617550965,35.75844745454838,4.932602544525892,71.37086748127622,35.838793423012106,-43.112283504115815,53.71859617550965,35.75844745454838,71.37086748127622,"a,b = saved coronary ellipse semi-axes; c = saved LAD ellipse axis most aligned with cardiac z, with smaller-axis stability proxy only for underconstrained partial arcs",lad_a_axis_most_aligned_with_cardiac_z,False,,
191.label,87.53666290403795,47.12879313582727,-49.041910874828204,366.4377913712144,87.28710557725994,-10.133754729979463,87.53666290403795,47.12879313582727,87.28710557725994,"a,b = saved coronary ellipse semi-axes; c = saved LAD ellipse axis most aligned with cardiac z, with smaller-axis stability proxy only for underconstrained partial arcs",lad_b_axis_most_aligned_with_cardiac_z,False,large_ellipse_center_separation,c_axis_above_3x_observed_lad_z_extent
192.label,60.04125689880507,33.882963064657396,5.202003045258645,50.47258486016809,28.45719250767158,60.245847661464445,60.04125689880507,33.882963064657396,28.45719250767158,"a,b = saved coronary ellipse semi-axes; c = saved LAD ellipse axis most aligned with cardiac z, with smaller-axis stability proxy only for underconstrained partial arcs",lad_b_axis_most_aligned_with_cardiac_z,False,,c_axis_below_45pct_of_observed_lad_z_extent
193.label,49.025321295854226,35.74317736238951,-12.983157630636867,432.2479429975825,110.64654510215613,-59.29779604264746,49.025321295854226,35.74317736238951,110.64654510215613,"a,b = saved coronary ellipse semi-axes; c = saved LAD ellipse axis most aligned with cardiac z, with smaller-axis stability proxy only for underconstrained partial arcs",smaller_saved_lad_axis_stability_proxy,False,aligned_lad_axis_underconstrained_used_saved_axis_proxy;large_ellipse_center_separation,
194.label,58.320477221850716,39.68671321259218,2.689989186393639,45.407776637120946,26.194769015191792,69.29479845198227,58.320477221850716,39.68671321259218,45.407776637120946,"a,b = saved coronary ellipse semi-axes; c = saved LAD ellipse axis most aligned with cardiac z, with smaller-axis stability proxy only for underconstrained partial arcs",lad_a_axis_most_aligned_with_cardiac_z,True,,
195.label,39.91153422272665,32.689383111687626,-28.28986201411152,319.21584005818494,74.21610578323593,-69.2455203299719,39.91153422272665,32.689383111687626,74.21610578323593,"a,b = saved coronary ellipse semi-axes; c = saved LAD ellipse axis most aligned with cardiac z, with smaller-axis stability proxy only for underconstrained partial arcs",smaller_saved_lad_axis_stability_proxy,True,aligned_lad_axis_underconstrained_used_saved_axis_proxy;large_ellipse_center_separation,
196.label,72.20689736566523,44.99902525373677,-78.3052924797869,283.5378338634879,71.67538005535607,-14.169587239712559,72.20689736566523,44.99902525373677,71.67538005535607,"a,b = saved coronary ellipse semi-axes; c = saved LAD ellipse axis most aligned with cardiac z, with smaller-axis stability proxy only for underconstrained partial arcs",smaller_saved_lad_axis_stability_proxy,False,aligned_lad_axis_underconstrained_used_saved_axis_proxy;large_ellipse_center_separation,c_axis_above_3x_observed_lad_z_extent
197.label,49.21959371167284,36.487390379879685,-21.398264817884062,49.03122884730793,25.019873129061715,7.20588850543703,49.21959371167284,36.487390379879685,25.019873129061715,"a,b = saved coronary ellipse semi-axes; c = saved LAD ellipse axis most aligned with cardiac z, with smaller-axis stability proxy only for underconstrained partial arcs",lad_b_axis_most_aligned_with_cardiac_z,False,,c_axis_below_45pct_of_observed_lad_z_extent
198.label,54.01537241082807,41.438985828472,56.511260346218506,231.7929548141333,70.17230675944108,22.920270999606505,54.01537241082807,41.438985828472,70.17230675944108,"a,b = saved coronary ellipse semi-axes; c = saved LAD ellipse axis most aligned with cardiac z, with smaller-axis stability proxy only for underconstrained partial arcs",lad_b_axis_most_aligned_with_cardiac_z,False,large_ellipse_center_separation,c_axis_above_3x_observed_lad_z_extent
199.label,43.72033145696616,35.072988419833614,46.57124927493659,59.80092326256457,34.58684654080885,29.484406851845357,43.72033145696616,35.072988419833614,34.58684654080885,"a,b = saved coronary ellipse semi-axes; c = saved LAD ellipse axis most aligned with cardiac z, with smaller-axis stability proxy only for underconstrained partial arcs",lad_b_axis_most_aligned_with_cardiac_z,True,,
200.label,48.530645354509716,30.95978441523314,-3.754402825292387,169.31973162328288,46.10991712574538,-74.93871636736947,48.530645354509716,30.95978441523314,169.31973162328288,"a,b = saved coronary ellipse semi-axes; c = saved LAD ellipse axis most aligned with cardiac z, with smaller-axis stability proxy only for underconstrained partial arcs",lad_a_axis_most_aligned_with_cardiac_z,False,,c_axis_above_3x_observed_lad_z_extent
