case_id,LMCA_u_start_rad,LMCA_u_end_rad,LMCA_u_net_rad,LMCA_u_travel_rad,LMCA_u_monotonicity,LMCA_v_start_rad,LMCA_v_end_rad,LMCA_v_net_rad,LMCA_v_travel_rad,LMCA_v_monotonicity,LMCA_circumferential_travel_mm,LMCA_base_apex_travel_mm,LMCA_circumferential_fraction,LMCA_apical_fraction,LMCA_offset_mean_mm,LMCA_offset_SD_mm,LMCA_offset_P95_abs_mm,LMCA_terminal_u_rad,LMCA_terminal_v_rad,LMCA_terminal_offset_mm,LMCA_obliquity_rad,LMCA_surface_tortuosity_rad,LMCA_start_z_mm,LMCA_end_z_mm,LMCA_inferior_progression_mm,LMCA_xyz_arc_length_mm,LAD_u_start_rad,LAD_u_end_rad,LAD_u_net_rad,LAD_u_travel_rad,LAD_u_monotonicity,LAD_v_start_rad,LAD_v_end_rad,LAD_v_net_rad,LAD_v_travel_rad,LAD_v_monotonicity,LAD_circumferential_travel_mm,LAD_base_apex_travel_mm,LAD_circumferential_fraction,LAD_apical_fraction,LAD_offset_mean_mm,LAD_offset_SD_mm,LAD_offset_P95_abs_mm,LAD_terminal_u_rad,LAD_terminal_v_rad,LAD_terminal_offset_mm,LAD_obliquity_rad,LAD_surface_tortuosity_rad,LAD_start_z_mm,LAD_end_z_mm,LAD_inferior_progression_mm,LAD_xyz_arc_length_mm,LCX_u_start_rad,LCX_u_end_rad,LCX_u_net_rad,LCX_u_travel_rad,LCX_u_monotonicity,LCX_v_start_rad,LCX_v_end_rad,LCX_v_net_rad,LCX_v_travel_rad,LCX_v_monotonicity,LCX_circumferential_travel_mm,LCX_base_apex_travel_mm,LCX_circumferential_fraction,LCX_apical_fraction,LCX_offset_mean_mm,LCX_offset_SD_mm,LCX_offset_P95_abs_mm,LCX_terminal_u_rad,LCX_terminal_v_rad,LCX_terminal_offset_mm,LCX_obliquity_rad,LCX_surface_tortuosity_rad,LCX_start_z_mm,LCX_end_z_mm,LCX_inferior_progression_mm,LCX_xyz_arc_length_mm,role_consistent
2.label,-4.734682865576969e-17,0.09919017768647416,0.0991901776864742,0.09919017768647422,0.9999999999999999,1.355015515381139,1.4273975178258014,0.07238200244466242,0.07238200244466242,1.0,3.499884863834786,4.472118948143978,0.4390219757014975,0.5609780242985025,-7.867358388222574,0.5510338240313276,8.510645856301505,0.09919017768647416,1.4273975178258014,-7.196354031337598,0.0991901776864742,0.004301354170582849,13.292858886359802,8.872319027138754,4.420539859221048,5.730755340362806,0.09919017768647416,2.1913321819602496,2.0921420042737755,2.2344731147994406,0.9363021601902602,1.4273975178258014,3.141592653589793,1.7141951357639917,1.7141951357639917,1.0,13.214571520533772,97.297067198387,0.11957628783466132,0.8804237121653389,4.201986750992083,8.224234687366994,17.284211874182173,2.1913321819602496,3.141592653589793,6.497119102497429,2.0921420042737755,0.41003295866323297,8.872319027138754,-68.5813123875787,77.45363141471746,144.933095061122,0.09919017768647416,1.1644887999651117,1.0652986222786376,1.0652986222786374,1.0000000000000002,1.4273975178258014,1.596368263269192,0.16897074544339064,0.16897074544339064,1.0,45.03864610654458,10.47983047575267,0.8112370669930397,0.1887629330069603,3.204222399720655,8.488811756312751,15.042037957702853,1.1644887999651117,1.596368263269192,16.169550571896433,1.0652986222786376,0.04287621141568579,8.872319027138754,-1.5874400227061571,10.459759049844912,48.95129678005714,True
5.label,1.1885870384272869e-16,-0.8271862113738527,-0.8271862113738528,0.8271862113738528,1.0,2.132964189974558,1.608515784935311,-0.5244484050392471,0.5244484050392471,1.0,32.66064901197619,41.50473898187165,0.440375893599929,0.0,4.863120446525611,1.7651436641250287,6.95208451686081,-0.8271862113738527,1.608515784935311,2.6330254875786903,-0.8271862113738528,0.034938434899193876,-43.32547214767474,-3.0652146106276708,-40.26025753704707,54.10189106979621,-0.8271862113738527,1.4591978619483048,2.2863840733221577,2.708155111885996,0.8442589064737465,1.608515784935311,2.6275776303046428,1.0190618453693316,2.0470918919396324,0.4978095264711171,20.39930549601636,122.97046437901619,0.14228456608249634,0.702787314462369,4.088443765947642,2.5233258090148647,7.768683753417974,1.4591978619483048,2.6275776303046428,9.543498109108475,2.2863840733221577,0.6520798447606163,-3.0652146106276708,-70.77919123623563,67.71397662560796,133.71924868634747,-0.8271862113738527,0.19576121721043854,1.0229474285842912,1.1125720912667456,0.9194437255922804,1.608515784935311,1.7078250717794314,0.09930928684412033,0.31547136754393357,0.31479651423608257,46.35507870941633,25.62158846553362,0.6440292462659246,0.23395478771205935,-0.8830618077552892,6.050432497844609,9.048875384350758,0.19576121721043854,1.7078250717794314,8.80897026463943,1.0229474285842912,0.10106223927986935,-3.0652146106276708,-11.103250602671794,8.038035992044124,63.727474326338104,True
6.label,8.099261150897258e-17,0.36758484691172266,0.3675848469117226,0.36758484691172255,1.0000000000000002,1.408505234476808,1.5972171513169449,0.18871191684013677,0.18871191684013677,1.0,12.708151434310071,9.423115294862704,0.5742170834513763,0.4257829165486237,-13.816336779727298,2.4590438242394645,16.29894736679895,0.36758484691172266,1.5972171513169449,-10.353412026009781,0.3675848469117226,0.021091616029274705,8.060979234774036,-1.317944344127636,9.378923578901672,13.968303879837121,0.36758484691172266,2.0815911183214806,1.714006271409758,2.7554012534568337,0.6220532378939087,1.5972171513169449,3.141592653589793,1.5443755022728483,1.5443755022728483,1.0,7.2018080812400145,81.39603158148978,0.08128649760147119,0.9187135023985288,7.172769883384493,11.72034748658866,23.399020856753506,2.0815911183214806,3.141592653589793,5.555353275845292,1.714006271409758,0.5778358380903279,-1.317944344127636,-55.4439436015324,54.125999257404764,144.56454753256443,0.36758484691172266,1.3774899974107822,1.0099051504990595,1.0099051504990595,1.0,1.5972171513169449,1.7711188625498837,0.17390171123293885,0.36475182743295886,0.4767672103435914,47.849854383180904,18.164119351938222,0.7248443272810436,0.20304655408949768,14.00874333855466,15.471454825586669,33.4552726123364,1.3774899974107822,1.7711188625498837,35.1140496411057,1.0099051504990595,0.09696927171522969,-1.317944344127636,-9.927102446862577,8.609158102734941,67.0301775245933,True
7.label,1.0361477185230827e-16,0.2637723944370155,0.2637723944370154,0.461129116870982,0.572014181682688,1.6656569537097665,1.629383534955191,-0.03627341875457546,0.04464815278085954,0.8124282080069773,16.051268773365113,5.208127970306505,0.7550199550296821,0.022967275982593693,-13.299421753229094,10.449542101624994,26.100648349915364,0.2637723944370155,1.629383534955191,-3.3556574426223307,0.2637723944370154,0.09405875290179885,-11.074929538382209,-6.846377433959391,-4.2285521044228185,33.06576001887923,0.2637723944370155,-2.9738736634202034,-3.237646057857219,4.022287816781315,0.8049265008708462,1.629383534955191,2.023395136204159,0.39401160124896784,0.7399813754504141,0.532461510952407,157.07560715620963,80.27514396955024,0.6617868551550671,0.26293471860572837,-9.034761040928515,8.434567593773409,23.704874407796815,-2.9738736634202034,2.023395136204159,-4.1911382911837105,-3.237646057857219,0.43419930396047834,-6.846377433959391,-51.1316861542859,44.28530872032651,168.66555589718305,0.2637723944370155,1.460729306156725,1.1969569117197096,1.3576757654900018,0.8816220648143581,1.629383534955191,1.6319788309143537,0.0025952959591626357,0.23672961798875813,0.010963123166472062,63.12252460613792,27.667878186043946,0.6952554748614193,0.15403130784594604,-2.641112238597496,5.069823574407911,9.276248817979729,1.460729306156725,1.6319788309143537,5.477053085978221,1.1969569117197096,0.11779959712475939,-6.846377433959391,-7.149287763141631,0.30291032918224037,70.73489793632979,True
10.label,-2.828044961900176e-17,0.07835183215049622,0.07835183215049625,0.07835183215049625,1.0,1.483303013377948,1.5737285238786662,0.09042551050071834,0.09042551050071834,1.0,2.9839395597932383,10.369242495422895,0.22346280814973435,0.7765371918502656,-2.9445699218441095,1.3872558357753693,4.403871469524994,0.07835183215049622,1.5737285238786662,-1.1022441560176457,0.07835183215049625,0.007388829186596698,10.029942041829075,-0.3365660682961209,10.366508110125196,11.451945106756833,0.07835183215049622,-0.3468632077048975,-0.4252150398553937,0.6184131339376566,0.6875905709632947,1.5737285238786662,2.1796304512253553,0.605901927346689,0.605901927346689,1.0,21.847882961848494,66.18326129993096,0.24818356213659037,0.7518164378634096,-5.7907401152296645,7.666822199457445,18.74157430751304,-0.3468632077048975,2.1796304512253553,-21.39748893646758,-0.4252150398553937,0.08029134562536148,-0.3365660682961209,-65.64574718856421,65.3091811202681,82.31267502810812,0.07835183215049622,1.1984157730799565,1.1200639409294604,1.1200639409294604,1.0,1.5737285238786662,1.5280201136129308,-0.045708410265735466,0.18031249504036184,0.2534955231777139,48.59843075855878,20.687219822890984,0.7014212950404237,0.11143371354758193,6.571595587611782,4.596119873720686,12.336662352074475,1.1984157730799565,1.5280201136129308,12.696332655186492,1.1200639409294604,0.035068011957242795,-0.3365660682961209,4.908487349082349,-5.24505341737847,60.82973108361381,True
13.label,-4.4254164124326006e-17,-0.5578049233712721,-0.5578049233712721,0.5578049233712721,1.0,1.4547945279178434,1.5667206376676,0.11192610974975659,0.11192610974975659,1.0,19.282117432486185,5.219117489548456,0.7869855333351072,0.21301446666489282,12.488036993017598,0.7064187433222009,13.381605506787011,-0.5578049233712721,1.5667206376676,11.907362099207248,-0.5578049233712721,0.028711016551336527,5.394360846925986,0.18995449028510095,5.204406356640885,25.16227329502918,-0.5578049233712721,1.1082832522959691,1.6660881756672412,2.6443823355166804,0.6300481414090628,1.5667206376676,3.141592653589793,1.5748720159221932,1.7202558934109022,0.9154870632644986,26.866204168001506,76.73306547658993,0.2593281232596421,0.7079746617821453,7.558389024174687,4.244726131252141,12.28290322484894,1.1082832522959691,3.141592653589793,10.322596542042577,1.6660881756672412,0.5969758717158168,0.18995449028510095,-56.92944270962066,57.11939719990576,116.0389056462266,-0.5578049233712721,0.2623197484319589,0.8201246718032309,0.8201246718032309,1.0,1.5667206376676,1.5556121587744083,-0.011108478893191664,0.24534911099816514,0.04527621415866773,27.914382018880897,11.440343705718643,0.7093019073293247,0.13877101932310662,14.168292027534289,1.2094098388694685,15.43012539805712,0.2623197484319589,1.5556121587744083,13.360410194812179,0.8201246718032309,0.04281153651294656,0.18995449028510095,0.7076589895288303,-0.5177044992437294,39.82459276174923,True
18.label,1.3269368981162738e-16,0.48067198880461653,0.4806719888046164,0.48067198880461637,1.0000000000000002,0.9986499103256762,1.0132772833852532,0.014627373059577065,0.03838080736181915,0.3811116561901257,14.309854474678243,2.3556827135572247,0.8586494580432638,0.09761670293360944,-12.738367398691883,3.646481336221308,17.027317678306137,0.48067198880461653,1.0132772833852532,-8.53317703886935,0.4806719888046164,0.011353317667857394,36.846949134875864,36.006122175944704,0.8408269589311601,12.586968750521581,0.48067198880461653,1.1868798339495934,0.7062078451449769,0.7670481425994167,0.9206825568363145,1.0132772833852532,2.1466147875166417,1.1333375041313885,1.1333375041313885,1.0,27.5012043553501,74.45999141025703,0.26972226197279087,0.7302777380272092,0.4635733277574905,5.060970383844363,8.583045116539154,1.1868798339495934,2.1466147875166417,8.643994989246691,0.7062078451449769,0.10676215446110264,36.006122175944704,-37.056798723743526,73.06292089968824,90.06054851980329,0.48067198880461653,1.6077194991752728,1.1270475103706563,1.2008540587683505,0.938538286264866,1.0132772833852532,1.2792688391424636,0.26599155575721034,0.8377099591224029,0.31752225559770947,36.22548075358536,49.45840658612643,0.42278054694182843,0.3863231896182706,20.55122175454283,17.436726926561104,39.31444805522189,1.6077194991752728,1.2792688391424636,39.5788912615689,1.1270475103706563,0.20476376525482412,36.006122175944704,19.559747055733652,16.44637512021105,93.85389082244765,False
28.label,4.5152931131230094e-17,0.1106681813745985,0.11066818137459845,0.11066818137459844,1.0000000000000002,1.5163418674737819,1.5340863630668398,0.017744495593057907,0.017744495593057907,1.0,4.279750542583155,2.742253223444389,0.6094771072736516,0.3905228927263484,-6.23927173028292,1.1476025960176743,7.461969138115403,0.1106681813745985,1.5340863630668398,-4.672083056883407,0.11066818137459845,0.002201613797546997,8.419299358920554,5.677322490202108,2.741976868718446,5.568558750992567,0.1106681813745985,1.985242077801108,1.8745738964265095,1.971960074800097,0.9506145283476595,1.5340863630668398,2.01888350359525,0.4847971405284104,0.5475821109808778,0.8853414507278161,81.35665970797123,81.65778130030844,0.4990763959607667,0.4740551591147595,-8.88504335478539,10.852063341112641,25.024535030854466,1.985242077801108,2.01888350359525,9.114215464407572,1.8745738964265095,0.3618766208112764,5.677322490202108,-67.0174738418214,72.69479633202351,132.46768216718152,0.1106681813745985,1.0378933557340868,0.9272251743594884,0.9272251743594883,1.0000000000000002,1.5340863630668398,1.5806461812098924,0.046559818143052656,0.06434866583812582,0.7235552988802841,38.688063503470076,9.952374377394575,0.7953888819469308,0.17632984115776942,8.196671647455954,10.77173996692795,22.049530500067792,1.0378933557340868,1.5806461812098924,23.079526383571604,0.9272251743594884,0.035497532311732416,5.677322490202108,-1.5236315121867001,7.200954002388809,53.94100178646494,True
29.label,-2.6751378059820737e-16,0.5490159321393231,0.5490159321393233,0.5490159321393233,1.0,1.147711582306679,1.1860547837165298,0.03834320140985081,0.03834320140985081,1.0,19.45954827345224,2.8620849288424455,0.8717797706420415,0.12822022935795846,-24.386607845061807,6.186333956657053,30.897889397892985,0.5490159321393231,1.1860547837165298,-16.242619047479423,0.5490159321393233,0.045380592938832315,31.63532200922968,28.918837024731626,2.7164849844980523,14.24003106650422,0.5490159321393231,0.6439570490072838,0.0949411168679607,0.6882095009860183,0.13795380146879072,1.1860547837165298,2.079450307728842,0.8933955240123121,0.8933955240123121,1.0,27.88617873600658,67.81581862182232,0.2913855458182384,0.7086144541817616,-8.267084141484753,3.7398259373282063,13.695913459413354,0.6439570490072838,2.079450307728842,-2.1929164817217526,0.0949411168679607,0.0937410894450282,28.918837024731626,-37.52411042187463,66.44294744660625,85.26360026296646,0.5490159321393231,1.3972468136822966,0.8482308815429735,1.0906896765667644,0.7777013936842289,1.1860547837165298,1.6960404052742963,0.5099856215577665,0.7143435143490149,0.7139220995413098,57.30852231413135,53.50673761464455,0.517153705644558,0.4158734992541561,10.804185383991069,16.621257094907172,28.21846780705504,1.3972468136822966,1.6960404052742963,28.814261344581578,0.8482308815429735,0.20914218931536394,28.918837024731626,-9.625001490282012,38.54383851501364,95.78555426215922,True
37.label,1.2504477329321986e-16,0.25756005927329595,0.25756005927329584,0.25756005927329584,1.0,1.5611122793259669,1.5747892810424595,0.013677001716492665,0.013677001716492665,1.0,8.869758204925205,2.4075237379385634,0.7865156027723473,0.2134843972276527,-12.924217389449549,1.2273296659630764,14.171373145543937,0.25756005927329595,1.5747892810424595,-11.18648953574978,0.25756005927329584,0.0034370159422183947,1.7046453387826834,-0.7028733770077226,2.407518715790406,7.374172547109255,0.25756005927329595,-3.7878434010636055,-4.045403460336901,5.337142927977534,0.7579717303673322,1.5747892810424595,2.0606550642089707,0.4858657831665112,0.4858657831665112,1.0,233.85361571295041,82.46936251948118,0.7392874745290133,0.26071252547098667,-21.168529959137718,14.144041620666801,44.09043293082292,-3.7878434010636055,2.0606550642089707,-25.411687213537544,-4.045403460336901,0.8067124259689087,-0.7028733770077226,-82.8218045386217,82.11893116161399,126.29627394463328,0.25756005927329595,1.525095857578604,1.2675357983053082,1.267535798305308,1.0000000000000002,1.5747892810424595,1.7218402836618028,0.14705100261934323,0.25705197563318505,0.5720671948041591,63.01679740014665,45.1505647233858,0.5825860607396376,0.3279282882968541,12.867754189348691,15.661423217336182,29.204804525729198,1.525095857578604,1.7218402836618028,29.224921316266162,1.2675357983053082,0.12729496569207613,-0.7028733770077226,-26.487115049813294,25.78424167280557,100.76434050408524,False
49.label,8.768847050817793e-17,0.20547060980496004,0.20547060980495996,0.20547060980495996,1.0,1.2574171365476585,1.3473331768247703,0.08991604027711175,0.08991604027711175,1.0,7.1776621795023114,4.44782139869698,0.6174076227643757,0.38259237723562445,-12.055482530973565,0.7209094956719346,12.832211950437912,0.20547060980496004,1.3473331768247703,-11.195203768601795,0.20547060980495996,0.007020068233691861,15.191015387934659,10.920283141078786,4.270732246855873,7.5068237575687995,0.20547060980496004,-3.737225021321948,-3.9426956311269077,4.9482548674881865,0.7967850760945713,1.3473331768247703,3.141592653589793,1.7942594767650228,1.7942594767650228,1.0,56.3453799883253,83.76656218480557,0.4021454496626812,0.5978545503373186,-1.6408171489276822,7.568879182592975,10.744223593495937,-3.737225021321948,3.141592653589793,0.876063473152163,-3.9426956311269077,0.8003925598003381,10.920283141078786,-50.153543469707,61.07382661078579,141.6950250854812,0.20547060980496004,1.6409568705505648,1.4354862607456047,1.4354862607456047,1.0,1.3473331768247703,2.111616199412023,0.7642830225872528,0.9664420594455003,0.790821358732838,64.63545703545635,47.02393040862483,0.5788627227408504,0.376643365118616,7.456932384492035,10.760178948122931,19.10685745223153,1.6409568705505648,2.111616199412023,19.716871203341903,1.4354862607456047,0.18711472922203795,10.920283141078786,-25.369970033652645,36.29025317473143,94.43736147389875,True
53.label,6.349612246418303e-17,0.08457565901941749,0.08457565901941742,0.08457565901941744,0.9999999999999999,1.3881712403408828,1.457583779459673,0.0694125391187903,0.0694125391187903,1.0,2.7334060414247014,3.8983760114441752,0.41216765262094873,0.5878323473790512,2.6137199961151127,1.0317026658043658,3.8664268754037967,0.08457565901941749,1.457583779459673,4.020464496487858,0.08457565901941742,0.005038101273555246,10.235215090566424,6.366778714963329,3.8684363756030953,5.772978709106094,0.08457565901941749,1.9708020477144859,1.8862263886950683,2.752201336077605,0.6853518904918813,1.457583779459673,3.141592653589793,1.68400887413012,1.68400887413012,1.0,14.22535547004975,87.38070839835628,0.1400049852189291,0.8599950147810709,5.999049327468032,2.416677092517326,9.677064724636166,1.9708020477144859,3.141592653589793,3.334252533141791,1.8862263886950683,0.5376028236216251,6.366778714963329,-59.69196036906461,66.05873908402793,126.72363351335652,0.08457565901941749,1.4752424895967537,1.3906668305773362,1.3906668305773362,1.0,1.457583779459673,1.5654623447113643,0.10787856525169115,0.2982143090417315,0.361748453983792,55.45574022710728,16.783210330410398,0.7676709005199712,0.15822544090582227,13.68302549324775,6.408989814998393,19.906869805957104,1.4752424895967537,1.5654623447113643,18.845369404361318,1.3906668305773362,0.0925781506110281,6.366778714963329,0.30060957840223823,6.06616913656109,80.07071815569914,True
55.label,7.930646328604498e-17,0.06690091300091468,0.0669009130009146,0.0669009130009146,1.0,1.4116109520026436,1.5209740415020736,0.10936308949942997,0.10936308949942997,1.0,2.22979744466751,6.115080050915278,0.26720553367593636,0.7327944663240638,-11.100321231756443,1.8542500724389228,13.245015276490266,0.06690091300091468,1.5209740415020736,-8.792304221256579,0.0669009130009146,0.00420674838875785,8.858183639588919,2.7830511828888778,6.075132456700041,8.398456060327444,0.06690091300091468,1.6957742529096025,1.6288733399086879,2.566576976017788,0.6346481539922452,1.5209740415020736,3.141592653589793,1.6206186120877195,1.6206186120877195,1.0,16.781686096120414,92.55363375045415,0.1534882425886659,0.8465117574113342,6.400492957922011,7.377592293349256,16.12931505461095,1.6957742529096025,3.141592653589793,9.36409941766937,1.6288733399086879,0.4797900637756084,2.7830511828888778,-65.24678075603548,68.02983193892436,140.91871908897815,0.06690091300091468,1.0130333845482415,0.9461324715473268,0.9461324715473268,1.0,1.5209740415020736,1.5927034564275322,0.07172941492545859,0.2539316803314857,0.2824752501610751,39.7730893108356,14.189787752509087,0.7370453814785985,0.16861541190896612,3.276726908794392,9.718788982114715,16.230025726879617,1.0130333845482415,1.5927034564275322,17.48834352688011,0.9461324715473268,0.06148218644424583,2.7830511828888778,-1.224131224164947,4.007182407053825,46.3439056454982,True
56.label,-1.0238781197226035e-16,0.21554561690749605,0.21554561690749616,0.21554561690749616,1.0,1.3298477892513283,1.4123946933327365,0.08254690408140819,0.08254690408140819,1.0,6.549914484332877,4.803507058482461,0.5769110624169317,0.42308893758306826,-20.17721453616907,1.9458456595438174,22.293676648055467,0.21554561690749605,1.4123946933327365,-17.51057087380414,0.21554561690749616,0.0060839613325905815,13.88209825888064,9.176629782297242,4.705468476583398,8.003875691845083,0.21554561690749605,1.7634786397669497,1.5479330228594537,3.2214315769070985,0.4805109113463234,1.4123946933327365,2.8569921502832982,1.4445974569505617,2.0137984635635515,0.717349567540264,29.971513797234323,108.74397859346115,0.21606464628203778,0.7179371087652315,-0.21471118390786423,10.653791388087992,16.825930511317587,1.7634786397669497,2.8569921502832982,9.499537584009467,1.5479330228594537,0.6271969840684143,9.176629782297242,-55.835468421769086,65.01209820406633,146.83517096792212,0.21554561690749605,1.2439462449222247,1.0284006280147286,1.0284006280147286,1.0,1.4123946933327365,1.8959499994276683,0.4835553060949318,0.5226192999808748,0.9252534418698802,45.66237516158871,30.183367300446548,0.6020426945447216,0.3829920002458763,6.705959371388327,14.620864556215768,23.60400118251017,1.2439462449222247,1.8959499994276683,24.755199545278785,1.0284006280147286,0.11905954056173709,9.176629782297242,-18.58446731167844,27.761097093975685,61.07160584125985,True
58.label,-5.273201804973658e-17,0.225413941948864,0.22541394194886405,0.22541394194886405,1.0,1.3511720259505682,1.4153060409516587,0.0641340150010905,0.0641340150010905,1.0,6.857496787252662,3.141536353630213,0.6858159874692816,0.3141840125307183,-17.94638958278093,1.4904220429318606,19.433324283465243,0.225413941948864,1.4153060409516587,-15.725183805420285,0.22541394194886405,0.006141299005918783,10.57962755428297,7.520363185332635,3.059264368950335,6.526094807092237,0.225413941948864,-3.573746253038853,-3.7991601949877167,3.9974861858098856,0.9503873230316147,1.4153060409516587,2.8974707916680127,1.482164750716354,1.9704084745599149,0.7522119245083897,15.14696799730747,106.42157058569266,0.12459611815573464,0.7595836558545527,2.3962337910796063,10.774781888073164,16.559725596846423,-3.573746253038853,2.8974707916680127,2.5816982183522548,-3.7991601949877167,0.6300661369931078,7.520363185332635,-47.12109334739116,54.641456532723794,136.2563739548248,0.225413941948864,1.3207271733794945,1.0953132314306306,1.0953132314306306,1.0,1.4153060409516587,1.9264628251619351,0.5111567842102764,0.5779394483834115,0.8844469531195063,50.35132799060089,27.878995733772435,0.6436292935205317,0.3356538975132024,6.573056822922078,13.082134926910008,20.08481601223769,1.3207271733794945,1.9264628251619351,20.98041966806327,1.0953132314306306,0.14501182138569316,7.520363185332635,-16.909654373275767,24.4300175586084,64.61971839518675,True
61.label,-2.070054018358349e-16,0.22783238181267165,0.22783238181267185,0.22783238181267185,1.0,1.546076989454727,1.5619099009328536,0.0158329114781266,0.0158329114781266,1.0,6.757326759658691,2.1697120029643417,0.7569505341403026,0.24304946585969736,-12.735933794490757,1.9769135888731644,14.910191052050724,0.22783238181267165,1.5619099009328536,-10.135446747493253,0.22783238181267185,0.0038418450008557165,3.3875773291129843,1.2179179446548811,2.169659384458103,6.679197102105074,0.22783238181267165,-3.396306022444695,-3.6241384042573666,4.156648142309784,0.8718896284166814,1.5619099009328536,2.1564058467732803,0.5944959458404266,0.5944959458404266,1.0,149.91433614109494,77.6137390940811,0.6588828037425337,0.3411171962574663,-14.963221988272926,10.39950887969007,30.480571671021867,-3.396306022444695,2.1564058467732803,-28.814746644665433,-3.6241384042573666,0.7274189484483302,1.2179179446548811,-75.75162210803529,76.96954005269018,116.78227370589892,0.22783238181267165,1.5543466023696564,1.3265142205569846,1.4247101526807135,0.9310765548073305,1.5619099009328536,1.7673196052121463,0.20540970427929262,0.31324963152006813,0.6557380555645863,64.49217536997351,42.76347510015415,0.6012939652809767,0.3298527884696072,12.211623686419802,12.49191320960922,25.484234376027032,1.5543466023696564,1.7673196052121463,26.163661331830227,1.3265142205569846,0.19770367186283272,1.2179179446548811,-26.761564929287022,27.979482873941905,101.42743578430365,False
63.label,-7.608151505242094e-18,0.16692753692892895,0.16692753692892895,0.16692753692892895,1.0,1.4790693283823835,1.554478798516074,0.07540947013369048,0.07540947013369048,1.0,5.435648607549526,3.965854541990045,0.5781680355886208,0.4218319644113791,-3.2148444009234547,0.3525533067471099,3.559064830779831,0.16692753692892895,1.554478798516074,-2.6524430311512934,0.16692753692892895,0.00554341948780098,4.818304668857299,0.8583044449323642,3.9600002239249346,6.632365802698224,0.16692753692892895,2.784314670777732,2.617387133848803,3.857468053676229,0.6785246429596199,1.554478798516074,3.141592653589793,1.5871138550737192,1.5871138550737192,1.0,12.813325205249644,80.25020501760108,0.1376836358406644,0.8623163641593357,2.36415348461922,5.843067906409065,12.477489794327013,2.784314670777732,3.141592653589793,4.239977227748651,2.617387133848803,0.8394725617813407,0.8583044449323642,-56.84246213762137,57.70076658255373,118.91882341143241,0.16692753692892895,1.6398446404652682,1.4729171035363393,1.4729171035363393,1.0,1.554478798516074,1.825374894199308,0.27089609568323403,0.5135721327722174,0.5274742891927579,62.54337875874792,26.928952171034318,0.6990248058679938,0.22965654561806786,6.4611909357871795,7.295302624174726,14.073587916216079,1.6398446404652682,1.825374894199308,14.383640659809451,1.4729171035363393,0.11829156807713016,0.8583044449323642,-13.247282574912282,14.105587019844645,81.01250689193259,True
72.label,1.0148571909465441e-16,0.4191628343364723,0.41916283433647217,0.4191628343364722,0.9999999999999999,1.1205024872851546,1.4217519918237829,0.3012495045386283,0.3012495045386283,1.0,14.508768632240361,24.398833551992503,0.3729031813253189,0.6270968186746811,-2.8504671496952936,7.136282163735916,11.95533028525977,0.4191628343364723,1.4217519918237829,4.329683068361789,0.41916283433647217,0.03299980191448301,36.24098034069879,12.364807932310441,23.87617240838835,37.2211002146279,0.4191628343364723,1.167585468381207,0.7484226340447347,0.7949068891533347,0.9415223899265599,1.4217519918237829,2.251973465687448,0.8302214738636653,0.8302214738636653,1.0,32.41387582371319,66.15623660570452,0.328840812136879,0.671159187863121,6.791886015618316,4.933715084961233,16.55445909263205,1.167585468381207,2.251973465687448,17.70128707396766,0.7484226340447347,0.0655077969892802,12.364807932310441,-52.434864864309745,64.79967279662019,82.68457961187961,0.4191628343364723,0.9393911974405702,0.5202283631040979,0.5312016317296805,0.9793425547473343,1.4217519918237829,1.7373557485058775,0.3156037566820946,0.3319936529232592,0.9506318988424964,23.34055777878213,27.560780409407897,0.4585450718896333,0.5281877969316441,15.286868524032332,7.3629081830163265,26.46487149450208,0.9393911974405702,1.7373557485058775,28.15285323088017,0.5202283631040979,0.045357212463910175,12.364807932310441,-13.805124259460174,26.169932191770613,49.054887642832824,False
76.label,-2.1425901340586454e-16,0.1743065303785002,0.1743065303785004,0.1743065303785004,1.0,1.4220556922591046,1.5213811869989358,0.09932549473983121,0.09932549473983121,1.0,6.417472916604153,5.401759411279515,0.542968675001353,0.4570313249986469,-18.161069883027295,0.8472239658219282,19.0680950659934,0.1743065303785002,1.5213811869989358,-16.982236322026033,0.1743065303785004,0.00570353314246295,8.04348265887429,2.681021652262472,5.3624610066118175,7.400383993275745,0.1743065303785002,-4.015354295023661,-4.189660825402161,4.301011846734207,0.9741105057832854,1.5213811869989358,3.141592653589793,1.6202114665908574,1.6202114665908574,1.0,2.802733536026235,94.97204608458,0.028665199214988085,0.9713348007850119,12.304708496276051,16.424181863545172,33.034594682018025,-4.015354295023661,3.141592653589793,4.5283980132331925,-4.189660825402161,0.7746190823100134,2.681021652262472,-58.80555043540222,61.48657208766469,185.88358220976602,0.1743065303785002,1.80290888918899,1.6286023588104896,1.6286023588104896,1.0,1.5213811869989358,1.8708970519505244,0.3495158649515886,0.5394824605792097,0.6478725268961192,88.11812109316665,29.148856065147946,0.7514316752124005,0.20464501694703713,10.999919504063111,15.946122530440876,25.3948170187664,1.80290888918899,1.8708970519505244,20.365302634340885,1.6286023588104896,0.19103706513376872,2.681021652262472,-16.045218115290048,18.72623976755252,112.3767821964516,True
82.label,3.660457715212596e-17,0.21300848889056362,0.2130084888905636,0.2130084888905636,1.0,1.4728180865959535,1.5248790109998183,0.05206092440386478,0.05206092440386478,1.0,7.074679559664463,5.6432681256806685,0.5562752524777723,0.44372474752222774,-10.19107943928068,1.5378186575519928,11.885590445579393,0.21300848889056362,1.5248790109998183,-8.300655616850282,0.2130084888905636,0.008466333399232384,10.6265252482505,4.986325082060895,5.640200166189605,8.724117890245713,0.21300848889056362,0.2310223488166853,0.018013859926121673,1.0194316747827414,0.01767049265951123,1.5248790109998183,2.178868902646471,0.6539898916466527,0.6539898916466527,1.0,31.474378246731252,67.87721370452645,0.3167979257159031,0.683202074284097,-8.207294612330214,7.519263449526936,19.792051237925943,0.2310223488166853,2.178868902646471,-19.456734066469558,0.018013859926121673,0.14791314502254704,4.986325082060895,-62.05985352151514,67.04617860357604,82.60861210141364,0.21300848889056362,1.3797937136032215,1.1667852247126578,1.1667852247126578,1.0,1.5248790109998183,1.7155995416710073,0.190720530671189,0.19454325454487664,0.980350262554049,48.257769992225015,21.08398390513668,0.6959410063906837,0.3010667093717657,10.638179241042803,12.174142320481671,24.044345676315725,1.3797937136032215,1.7155995416710073,24.474384343936528,1.1667852247126578,0.09179866860990853,4.986325082060895,-15.675310336786543,20.66163541884744,67.45586702283802,True
86.label,-1.4739553440655786e-17,0.11463292068957706,0.11463292068957708,0.11463292068957708,1.0,1.5190230624487269,1.5373003971869235,0.018277334738196593,0.018277334738196593,1.0,3.891380590031458,3.5131998973419485,0.525536942527291,0.474463057472709,-11.856101807300004,1.680677221159509,13.662477957519943,0.11463292068957706,1.5373003971869235,-9.602413698499342,0.11463292068957708,0.006300046680828867,9.955491853454628,6.442612782058303,3.512879071396325,6.3328937922003,0.11463292068957706,1.2008646218312506,1.0862317011416736,1.749696660543913,0.6208114387119,1.5373003971869235,1.9646344338012425,0.427334036614319,0.427334036614319,1.0,68.65125189627123,80.43820391417104,0.4604702024236839,0.539529797576316,-17.00924152470586,9.400296077616646,29.471441264516123,1.2008646218312506,1.9646344338012425,-14.322850116921913,1.0862317011416736,0.3233272447328029,6.442612782058303,-73.82155589912209,80.2641686811804,104.74739183960344,0.11463292068957706,1.23830731248035,1.123674391790773,1.123674391790773,1.0,1.5373003971869235,1.6271568743493243,0.08985647716240086,0.11814669270457756,0.7605500848600513,51.62669424450855,22.722431554670226,0.6943819942678975,0.26901815811411706,5.885984387489851,12.04794735213719,20.374024928573725,1.23830731248035,1.6271568743493243,21.182333103996957,1.123674391790773,0.07935327001382314,6.442612782058303,-10.836685385453833,17.279298167512138,62.67380382224795,True
91.label,-1.6069889236441806e-16,0.4721297089674001,0.47212970896740025,0.47212970896740025,1.0,1.2585362028372336,1.5339788318338876,0.27544262899665406,0.27544262899665406,1.0,15.31584040176635,13.098096019145766,0.5390256448414582,0.46097435515854174,-5.957218273942685,2.451182435426656,8.744548775187951,0.4721297089674001,1.5339788318338876,-2.738484394512988,0.47212970896740025,0.019815525503716253,14.570568536929846,1.7458097526386,12.824758784291246,19.31397688354941,0.4721297089674001,2.287213090548542,1.8150833815811418,2.678439051290064,0.6776646198863143,1.5339788318338876,3.141592653589793,1.6076138217559055,1.6076138217559055,1.0,8.122001930763762,74.75322269336748,0.09800277426215065,0.9019972257378494,12.596311281682851,10.202580135605588,27.081000538672278,2.287213090548542,3.141592653589793,8.773586504430742,1.8150833815811418,0.514396613679104,1.7458097526386,-56.20224053208391,57.94805028472251,141.80951975380566,0.4721297089674001,1.684100182888332,1.2119704739209318,1.3560069412834852,0.8937789601384929,1.5339788318338876,2.3326654614719997,0.7986866296381121,1.2818947468914648,0.623051644118903,62.36958369625142,58.897159248219126,0.514317299053799,0.39177438421947774,8.883268725944417,8.178420300700472,21.010857054790748,1.684100182888332,2.3326654614719997,22.191556258926656,1.2119704739209318,0.28262320576759864,1.7458097526386,-32.7388168630704,34.484626615709,106.4349417430449,True
94.label,-3.7117518540734994e-17,0.30576808613124995,0.30576808613125,0.30576808613124995,1.0000000000000002,1.1602623333178865,1.1796419086113137,0.019379575293427154,0.019379575293427154,1.0,10.898386963337892,1.7535950031211405,0.8613976049151825,0.13860239508481745,-14.901838544428506,1.7819802585874405,16.792090587288794,0.30576808613124995,1.1796419086113137,-12.496422474634626,0.30576808613125,0.010414057822471278,38.44276985013241,36.72405163121788,1.7187182189145247,8.385776807087048,0.30576808613124995,1.087278898269598,0.781510812138348,0.781510812138348,1.0,1.1796419086113137,2.030160912413091,0.8505190038017771,0.8505190038017771,1.0,31.312299486033304,79.95568142316998,0.2814133880220646,0.7185866119779353,1.146092774744446,7.028226964750613,13.297387259099086,1.087278898269598,2.030160912413091,14.276344217888983,0.781510812138348,0.05066145717324911,36.72405163121788,-42.70795761510676,79.43200924632464,94.86032986779543,0.30576808613124995,1.610261097953264,1.3044930118220142,1.4906858483538425,0.8750958582336846,1.1796419086113137,1.5238190499151056,0.34417714130379196,0.5375362587830508,0.6402863726495176,59.426710487945,49.54203118194884,0.5453555724078216,0.3757343526250396,15.872786903637419,19.00216213363015,37.36604820490211,1.610261097953264,1.5238190499151056,37.81157286038388,1.3044930118220142,0.23093807567328192,36.72405163121788,4.523369988307229,32.20068164291065,107.64479124305639,True
102.label,-9.471181618918818e-17,0.13928653565893467,0.13928653565893476,0.13928653565893478,0.9999999999999998,1.4503783425159154,1.5319573408387195,0.08157899832280413,0.08157899832280413,1.0,4.47683749787711,5.180250010578158,0.4635805043660848,0.5364194956339152,-9.760988120958725,1.1265317732988906,10.993566239887093,0.13928653565893467,1.5319573408387195,-8.291264660067888,0.13928653565893476,0.003915713098641676,7.63110234549581,2.4666339451740176,5.164468400321793,7.0152724777150555,0.13928653565893467,-3.849726195543353,-3.989012731202288,3.9890127312022874,1.0000000000000002,1.5319573408387195,3.141592653589793,1.6096353127510736,1.6096353127510736,1.0,22.193961302182867,94.11233649000192,0.19082338380195774,0.8091766161980422,5.99687389298051,10.038999152902688,20.04240557930224,-3.849726195543353,3.141592653589793,16.850841963717745,-3.989012731202288,0.5659149111794264,2.4666339451740176,-80.37603791914833,82.84267186432236,140.98844487599607,0.13928653565893467,1.5675912717426077,1.428304736083673,1.4284817194868649,0.9998761038375377,1.5319573408387195,1.9448780465282818,0.4129207056895623,0.561678317048744,0.7351551469161091,68.96253407157964,35.288027230317894,0.6615075565096684,0.2931973592199375,11.674739555161597,12.797937904117578,24.79616142905215,1.5675912717426077,1.9448780465282818,25.331647216593723,1.428304736083673,0.18217729815761688,2.4666339451740176,-23.213244210779234,25.67987815595325,99.95236750763434,True
107.label,3.7779388722436245e-17,0.09808683721595493,0.09808683721595489,0.0980868372159549,0.9999999999999999,1.1153677760921203,1.1876384458917248,0.0722706697996045,0.0722706697996045,1.0,3.3635742473784767,3.202399520659702,0.512273482381497,0.4877265176185031,-5.087559485695435,0.4117264356702212,5.55215967499092,0.09808683721595493,1.1876384458917248,-4.667897548163126,0.09808683721595489,0.006163748709218932,18.147448287637573,15.424550728205762,2.7228975594318108,5.12850829175309,0.09808683721595493,0.9681164749613037,0.8700296377453488,1.2460719553011792,0.6982178148251962,1.1876384458917248,3.141592653589793,1.9539542076980683,1.9539542076980683,1.0,14.454710802348501,91.97279055734057,0.1358174402074559,0.8641825597925441,4.98087448584667,12.199607673631437,26.74983882864491,0.9681164749613037,3.141592653589793,29.251037993299775,0.8700296377453488,0.2859595879430806,15.424550728205762,-70.50956437309264,85.9341151012984,104.92889143049372,0.09808683721595493,1.3661113718422075,1.2680245346262526,1.2680245346262526,1.0,1.1876384458917248,2.41617534470555,1.228536898813825,1.228536898813825,1.0,57.85536924219562,50.51775588236059,0.5338534731346065,0.4661465268653935,14.883842136511268,14.082620878013062,29.33009613642539,1.3661113718422075,2.41617534470555,27.708723532059285,1.2680245346262526,0.18339062917018806,15.424550728205762,-30.870562890402766,46.295113618608525,96.4040645060527,True
113.label,-1.1281218853180347e-16,0.8315780787894616,0.8315780787894617,0.8315780787894617,1.0,1.221207958090785,1.463370432358546,0.24216247426776083,0.24216247426776083,1.0,34.725862214472386,26.493512781243552,0.5672364707562346,0.4327635292437654,-9.237187755125147,6.152174670260061,16.802439998953062,0.8315780787894616,1.463370432358546,-3.3036647029353277,0.8315780787894617,0.06244445739667364,38.256659819190126,11.975833101579296,26.28082671761083,39.53989988718476,0.8315780787894616,1.9911230957255903,1.1595450169361288,1.1595450169361288,1.0,1.463370432358546,1.8454773696236575,0.3821069372651116,0.5596769167296589,0.6827277056517965,67.37665133990693,61.29522517895381,0.5236315282153429,0.4026863366338225,1.9972817492501658,7.726649577312631,14.960390632515784,1.9911230957255903,1.8454773696236575,14.038428141512087,1.1595450169361288,0.09179804156072405,11.975833101579296,-30.29605296656125,42.271886068140546,109.73819116639359,0.8315780787894616,1.5669649031808477,0.7353868243913861,0.7353868243913861,1.0,1.463370432358546,1.6117340223007341,0.14836358994218823,0.18888466704238294,0.7854718557377536,43.67458992239818,21.078266574367,0.6744812860044253,0.2905733032543252,17.105199618292573,14.015438859686158,34.87295502356258,1.5669649031808477,1.6117340223007341,35.892426498402145,0.7353868243913861,0.030862583123318185,11.975833101579296,-4.571244742724335,16.54707784430363,71.10277516976839,True
118.label,1.2277761264986506e-16,0.32396570978277456,0.32396570978277445,0.32396570978277445,1.0,1.0486426558517632,1.0561508230146353,0.007508167162872059,0.013555718952793061,0.5538745078013774,11.029080732391625,0.9665997298515516,0.9194210171824801,0.06261215650985272,-7.132985862378744,1.8463669702034278,9.210444574439459,0.32396570978277456,1.0561508230146353,-4.746866341196042,0.32396570978277445,0.0031540518168345303,38.507621099237774,38.00409160098961,0.5035294982481631,10.070037651510038,0.32396570978277456,1.3201928663155202,0.9962271565327456,1.0253923547647994,0.9715570356102923,1.0561508230146353,2.050256878475705,0.9941060554610699,0.9941060554610699,1.0,42.893208561873344,74.7430119212385,0.36462586425947946,0.6353741357405205,5.072613959223321,5.2067157296945314,12.59327623477932,1.3201928663155202,2.050256878475705,13.953351023581432,0.9962271565327456,0.09777285728593846,38.00409160098961,-35.61636373803096,73.62045533902057,104.10626976432711,0.32396570978277456,1.6159816124823845,1.2920159026996099,1.3872170731512918,0.9313725499100031,1.0561508230146353,1.50095675773235,0.4448059347177147,1.139135303665918,0.3904768233292908,46.52901927237109,78.32964883638974,0.37265349676676823,0.4441682507247891,18.1951047852876,13.424558368207354,33.68626032141986,1.6159816124823845,1.50095675773235,33.89387450592901,1.2920159026996099,0.28456182615859776,38.00409160098961,5.38783122390761,32.616260377082,123.83147661018674,False
121.label,8.022573889613438e-17,0.38746707082797516,0.3874670708279751,0.3874670708279751,1.0,1.0207669299633941,1.3746023609126325,0.3538354309492384,0.3538354309492384,1.0,13.154046708488446,18.442759514088575,0.4163093768347201,0.5836906231652799,-1.321063482418245,2.25775519780389,4.013192840334327,0.38746707082797516,1.3746023609126325,1.0679713695278057,0.3874670708279751,0.031787314003527634,27.265923996166194,10.168418725028411,17.097505271137784,24.733687537111667,0.38746707082797516,1.5974960709061483,1.210029000078173,1.2100290000781733,0.9999999999999998,1.3746023609126325,3.141592653589793,1.7669902926771606,1.7669902926771606,1.0,19.94195577980279,85.45003604619049,0.18921699300197134,0.8107830069980286,5.534440452778925,3.5669603919765787,10.682462242529828,1.5974960709061483,3.141592653589793,3.7745880754762062,1.210029000078173,0.22074139006431764,10.168418725028411,-55.93698124295627,66.10539996798468,120.94507113167421,0.38746707082797516,0.9804445098535366,0.5929774390255614,0.5929774390255614,1.0,1.3746023609126325,1.7774063218200837,0.4028039609074512,0.4028039609074512,1.0,25.691494900415716,20.98153571569988,0.5504569675735771,0.44954303242642285,12.019210184897142,7.02422637341638,21.907585158665032,0.9804445098535366,1.7774063218200837,23.426532564925033,0.5929774390255614,0.027808323130241647,10.168418725028411,-10.700759143325651,20.869177868354065,42.3900847557225,True
122.label,8.581683181268997e-17,0.11426236518128566,0.11426236518128557,0.11426236518128557,1.0,1.4872597803010934,1.5728343631484807,0.08557458284738728,0.08557458284738728,1.0,4.09432212896553,4.893911218432847,0.45552023080827353,0.5444797691917264,-2.6416947676945823,0.2133376312945887,2.917780786182307,0.11426236518128566,1.5728343631484807,-2.9812409192978846,0.11426236518128557,0.002201426658516374,4.7738258384936,-0.11660224368663516,4.890428082180235,6.28017266285086,0.11426236518128566,-3.640263323544832,-3.7545256887261176,4.085123763429066,0.9190726906091473,1.5728343631484807,2.542749586992194,0.9699152238437134,2.1676013570389117,0.4474601479160737,19.453067675708514,106.1696762965583,0.15485307087387842,0.6316369886904355,2.722575505136518,5.332513889943116,11.673526481320057,-3.640263323544832,2.542749586992194,15.734778697025975,-3.7545256887261176,0.7995369197234934,-0.11660224368663516,-47.25733053093269,47.140728287246056,149.1441440499677,0.11426236518128566,1.8689099956141788,1.754647630432893,1.7546476304328933,0.9999999999999999,1.5728343631484807,1.596119421212177,0.023285058063696296,0.7157980426412653,0.03253020639421615,72.39867534652146,40.78985934313354,0.6396290538173953,0.1860903935081196,6.181417211603079,5.120980672744743,10.707682285549424,1.8689099956141788,1.596119421212177,10.700667888633905,1.754647630432893,0.14922036297817393,-0.11660224368663516,-1.4486572319782869,1.3320549882916517,98.83836753968372,True
125.label,-1.628258101688842e-16,0.3847877535754272,0.3847877535754274,0.3847877535754274,1.0,1.1773798297569573,1.3064532889554736,0.12907345919851632,0.12907345919851632,1.0,11.966900916896575,6.117079009644765,0.6617404446093804,0.33825955539061975,-20.609918640476888,2.4268130300915365,23.263623524742368,0.3847877535754272,1.3064532889554736,-17.616196498427147,0.3847877535754274,0.015982988772328736,17.507123212143995,11.932236544103164,5.574886668040831,10.614604281099341,0.3847877535754272,1.856487147205286,1.4716993936298588,5.404978434334562,0.27228589558860067,1.3064532889554736,3.141592653589793,1.8351393646343195,1.8351393646343195,1.0,13.075474891052743,96.06353836248563,0.11980569093727651,0.8801943090627236,4.678525057860129,12.435639795119432,18.66612403178824,1.856487147205286,3.141592653589793,7.772291469612859,1.4716993936298588,0.9007727213343197,11.932236544103164,-53.44152202397664,65.37375856807981,161.3853665793188,0.3847877535754272,1.3314507320334956,0.9466629784580685,0.9490607016125809,0.9974735829326423,1.3064532889554736,2.1114612105373833,0.8050079215819097,0.8611027939764804,0.9348569383504952,46.519267966213015,38.81367146903487,0.545150187888613,0.4398943108515261,12.762897694103891,16.90252348281619,29.174570462402166,1.3314507320334956,2.1114612105373833,29.24992272549035,0.9466629784580685,0.1889615590216894,11.932236544103164,-23.506234038842614,35.438470582945776,79.374271130664,True
126.label,1.1382000382044843e-16,-0.03742960681011027,-0.03742960681011038,0.16208867502045687,0.2309205550936021,1.6130859985898944,1.9185980794261897,0.3055120808362952,0.3055120808362952,1.0,5.38001740448067,13.559629846406853,0.28406111968260433,0.7159388803173955,9.937358708919252,8.777409799461884,18.958784621224044,-0.03742960681011027,1.9185980794261897,19.484697305321617,-0.03742960681011038,0.046369908491921866,-1.8616456288699963,-15.008335514045816,13.146689885175821,27.055274503560398,-0.03742960681011027,1.7244750847169914,1.7619046915271017,3.2262467266952264,0.546115917591923,1.9185980794261897,3.141592653589793,1.2229945741636035,1.2229945741636035,1.0,3.047359947686146,59.66179403897445,0.04859513729581452,0.9514048627041855,17.962998477475157,4.288510397290875,22.843769187022552,1.7244750847169914,3.141592653589793,14.932519966633242,1.7619046915271017,0.7162005110488482,-15.008335514045816,-58.96692754669551,43.95859203264969,143.7604290461426,-0.03742960681011027,-0.997147584522209,-0.9597179777120987,0.9597179777120987,1.0,1.9185980794261897,1.5891993374933437,-0.3293987419328459,0.578998568516883,0.568911150810973,37.01925651517233,25.651613675775767,0.5906931944997826,0.0882486610732197,9.94038040020956,4.030194045805419,16.927758016953124,-0.997147584522209,1.5891993374933437,10.521509442474434,-0.9597179777120987,0.08243053383379062,-15.008335514045816,-0.8103199333713449,-14.198015580674472,58.76917263456649,True
133.label,-1.74193144413424e-16,0.30409292113192005,0.3040929211319202,0.3040929211319202,1.0,1.5756590025967312,1.6551667847453246,0.07950778214859344,0.07950778214859344,1.0,11.223331050070659,9.628512409153318,0.5382416701917992,0.4617583298082007,-15.203033372243073,2.892182543184461,18.21888793434509,0.30409292113192005,1.6551667847453246,-11.28913294673844,0.3040929211319202,0.024186889467356965,-0.5894460148039831,-10.215166989399252,9.62572097459527,13.883745309087445,0.30409292113192005,-2.2665801106119448,-2.5706730317438646,2.573525349301425,0.9988916691423557,1.6551667847453246,2.25939721135427,0.6042304266089453,0.6042304266089453,1.0,106.10599437799485,67.90113172885056,0.609779592088905,0.39022040791109497,-16.33628007906074,5.862764158208321,23.071165698277948,-2.2665801106119448,2.25939721135427,-25.72609010100535,-2.5706730317438646,0.27913995568608246,-10.215166989399252,-77.0294752941751,66.81430830477585,98.33077947710002,0.30409292113192005,1.3591338661101169,1.0550409449781968,1.0550409449781968,1.0,1.6551667847453246,1.3976560193591707,-0.2575107653861539,0.2575107653861539,1.0,51.279482635147275,31.112821807646256,0.6223819443083006,0.0,7.903981738428195,11.709639749348915,18.870891035930622,1.3591338661101169,1.3976560193591707,17.64455913934801,1.0550409449781968,0.08957780498357326,-10.215166989399252,20.883178224872452,-31.098345214271703,72.18675929001576,True
134.label,-3.3668717646236103e-16,1.4127712454769563,1.4127712454769568,1.4127712454769568,1.0,1.3304141136815828,1.5264294948579629,0.19601538117638007,0.19601538117638007,1.0,51.74423519714936,18.63795509604497,0.7351893281751537,0.26481067182484636,-21.697809240350598,8.865798787824309,32.583226881004975,1.4127712454769563,1.5264294948579629,-13.291375147863853,1.4127712454769568,0.0916882970965511,22.852601693644775,4.257354890771139,18.595246802873636,28.811327747937888,1.4127712454769563,3.2387505042009663,1.82597925872401,1.82597925872401,1.0,1.5264294948579629,1.8983554776968865,0.37192598283892364,0.3932665921057441,0.9457350059852471,68.5610301517775,37.21120897937789,0.6481949395697602,0.3425232850629237,-15.13870977605802,9.773200009434332,25.764619369341915,3.2387505042009663,1.8983554776968865,5.545073942735869,1.82597925872401,0.17031827208235928,4.257354890771139,-30.882995822552488,35.14035071332363,76.29583866044695,1.4127712454769563,1.9529942807937646,0.5402230353168083,0.5402230353168083,1.0,1.5264294948579629,1.508726329052944,-0.01770316580501885,0.1818222071130291,0.09736525634634796,25.075323617883377,17.44754292406142,0.5896903397410647,0.18519661068443097,-0.8154050254470651,7.698847060948964,11.882096875065704,1.9529942807937646,1.508726329052944,10.159645652756861,0.5402230353168083,0.049813333020366474,4.257354890771139,5.954245688774013,-1.6968907980028742,42.16349961104139,False
137.label,8.420407677609221e-18,0.2556228212587013,0.2556228212587013,0.2556228212587013,1.0,1.427705578534647,1.5072818061063316,0.07957622757168448,0.07957622757168448,1.0,7.4985995666601175,6.9251072469680075,0.5198801988664332,0.4801198011335667,-19.945247439244145,2.7599935796070607,22.977232969768103,0.2556228212587013,1.5072818061063316,-16.359152970533675,0.2556228212587013,0.010215947805929765,12.45246912970325,5.542528657547877,6.909940472155372,9.83603179883497,0.2556228212587013,1.6986039043969723,1.442981083138271,2.823541350396237,0.5110536394077504,1.5072818061063316,2.2998069671300465,0.792525161023715,1.389020507613963,0.5705640461601981,72.88866478875762,103.71847982674667,0.41271639914367736,0.4860079920026547,-8.333638321471481,10.508726901751071,16.965480898666023,1.6986039043969723,2.2998069671300465,7.8400025191303255,1.442981083138271,0.5412370994905938,5.542528657547877,-58.16842399857166,63.71095265611954,130.1676292799313,0.2556228212587013,1.3800525621643311,1.1244297409056299,1.1438927123242717,0.9829853174087497,1.5072818061063316,1.8243060555825519,0.3170242494762203,0.39525124105487053,0.8020828691900542,50.044841889331174,34.29484680826923,0.5933723809293007,0.3662296149521766,14.686362119661691,18.411665601343564,33.43952835214614,1.3800525621643311,1.8243060555825519,33.22031960033543,1.1244297409056299,0.1663302194354799,5.542528657547877,-21.900789436494897,27.443318094042773,83.7886806995337,True
141.label,-3.6539055034375436e-17,0.37895982520799076,0.3789598252079908,0.3789598252079908,1.0,1.3971958691563022,1.6396976341586795,0.2425017650023773,0.2425017650023773,1.0,15.130853434321429,11.597997485817007,0.5660869402702726,0.4339130597297274,2.2776062916103674,0.5611458986742834,3.004010242940423,0.37895982520799076,1.6396976341586795,3.175550032030436,0.3789598252079908,0.011626006192430247,8.259407678240459,-3.292042330249158,11.551450008489617,19.705816937583236,0.37895982520799076,2.2158447086529462,1.8368848834449554,1.9765088973771399,0.9293582669334463,1.6396976341586795,3.141592653589793,1.5018950194311136,1.5018950194311136,1.0,6.641159705760635,71.13774769423158,0.08538509896529223,0.9146149010347079,12.147691341825066,6.52110294764938,21.704481046183766,2.2158447086529462,3.141592653589793,4.2665849338273505,1.8368848834449554,0.4165683174840295,-3.292042330249158,-52.083508413738315,48.791466083489155,132.56921994600205,0.37895982520799076,1.0764274243327525,0.6974675991247618,0.6974675991247618,1.0,1.6396976341586795,1.3388482444308767,-0.30084938972780284,0.37318578980000705,0.8061651808581195,30.56837070120258,17.825669901642527,0.6316556815759139,0.03573289546149269,10.968256550856278,5.374017185687237,18.153419375738032,1.0764274243327525,1.3388482444308767,18.42409819640977,0.6974675991247618,0.029196494098305995,-3.292042330249158,10.991861351182788,-14.283903681431946,46.234296700857065,True
143.label,-1.5219088676311216e-16,-0.2012602151054595,-0.20126021510545936,0.20126021510545933,1.0000000000000002,1.5248014401117518,1.3316200304565655,-0.19318140965518626,0.19318140965518626,1.0,8.899807628090638,5.907375947985015,0.6010466191876142,0.0,-33.231529405060364,1.4390888983565957,34.511058282421146,-0.2012602151054595,1.3316200304565655,-31.126817564097315,-0.20126021510545936,0.011962522466287517,1.3577978540361666,6.995975131849707,-5.63817727781354,7.2650584940431555,-0.2012602151054595,2.8532849204059327,3.0545451355113924,3.130021957404903,0.9758861685570767,1.3316200304565655,1.9068208185465025,0.575200788089937,3.2384408490030676,0.17761657998694302,53.37801233675994,139.26644404852468,0.2770804482948894,0.4027524017589007,2.045172154105919,13.496878688676537,23.221519811357076,2.8532849204059327,1.9068208185465025,1.216712588553259,3.0545451355113924,0.7704856838095506,6.995975131849707,-9.737462006441762,16.733437138291468,156.81485194902606,-0.2012602151054595,-2.688921000614932,-2.4876607855094726,2.487660785509473,0.9999999999999998,1.3316200304565655,1.2498265038172636,-0.08179352663930195,1.4777094870316267,0.05535156088332764,133.74819218283372,44.60070129503573,0.7499244294410492,0.11757780609513618,-4.553093934811426,12.331534385710832,26.393118303517088,-2.688921000614932,1.2498265038172636,5.307966951531257,-2.4876607855094726,0.27424432264543736,6.995975131849707,9.316658459787991,-2.3206833279382844,127.61950601734188,True
146.label,-1.6737779666106117e-16,0.15323919793347987,0.15323919793348004,0.15323919793348004,1.0,1.5033618424832866,1.5275386639297919,0.024176821446505237,0.024176821446505237,1.0,4.604094127761317,3.3710691327367446,0.5773040597884618,0.42269594021153817,-11.806269086189703,1.494001429214523,13.306709780462137,0.15323919793347987,1.5275386639297919,-9.822747243620322,0.15323919793348004,0.003978728809855136,9.40831852810914,6.037911922134291,3.370406605974849,5.936331266748657,0.15323919793347987,1.9963111404453557,1.8430719425118758,3.541779484319224,0.5203802073708544,1.5275386639297919,2.106284123986803,0.5787454600570112,0.5787454600570112,1.0,116.4084594984419,77.67230546554784,0.5997939029148027,0.40020609708519733,-13.29655204046206,8.204877549067758,25.902419228880586,1.9963111404453557,2.106284123986803,-15.253740604981274,1.8430719425118758,0.8487874103526583,6.037911922134291,-71.24448027030394,77.28239219243822,111.9188577959972,0.15323919793347987,1.1916937272497712,1.0384545293162912,1.0384545293162915,0.9999999999999998,1.5275386639297919,1.6404313451492551,0.11289268121946328,0.11289268121946328,1.0,40.17484037986697,15.753673802744402,0.7183248288823245,0.28167517111767554,9.389536224210062,12.992830624972285,25.94155173151937,1.1916937272497712,1.6404313451492551,27.417723349264005,1.0384545293162912,0.07848319422166955,6.037911922134291,-9.714843905244772,15.752755827379062,53.14971031167408,True
150.label,1.0138347650152819e-16,-1.512543081915846,-1.512543081915846,1.853059998102884,0.816240749605706,1.050535521421615,1.4297885506528056,0.37925302923119064,0.37925302923119064,1.0,89.06026478852586,37.10225980823937,0.7059169517507368,0.29408304824926323,-18.376167850509326,13.036337462358626,32.17404293268652,-1.512543081915846,1.4297885506528056,-4.706627759970692,-1.512543081915846,0.40083249940768645,50.84825996788096,14.375720155207269,36.472539812673695,71.93679718486179,-1.512543081915846,-3.3429578072367354,-1.8304147253208893,3.0089936959100614,0.6083145763345595,1.4297885506528056,1.938408938570514,0.5086203879177085,0.5159213806912468,0.9858486330538264,160.3144111609563,52.13051389995153,0.7546163369870769,0.24367156479488591,-20.953110597324677,13.830959009431217,40.73684863864587,-3.3429578072367354,1.938408938570514,0.03762621285841936,-1.8304147253208893,0.49667340038638635,14.375720155207269,-36.76130866605807,51.13702882126534,126.74045518400992,-1.512543081915846,-2.8198979148618775,-1.3073548329460314,1.3073548329460314,1.0,1.4297885506528056,1.576488170645509,0.1466996199927033,0.2287982584531041,0.6411745482003823,71.66452878427256,23.369640693000786,0.7540922299679859,0.20173055677171658,1.5709966581674517,5.473625555987387,10.537211148790828,-2.8198979148618775,1.576488170645509,12.441631152454214,-1.3073548329460314,0.048397157985725296,14.375720155207269,-0.5822068722460316,14.9579270274533,86.40222096044829,False
153.label,7.861413922800111e-17,-0.023619097623148323,-0.023619097623148403,0.056062848000311194,0.42129678504768964,1.3015175256984384,1.4784256980736878,0.17690817237524947,0.17690817237524947,1.0,2.061196218890569,10.824439925420293,0.159960765289854,0.8400392347101461,-8.919077521573689,2.013812733229771,11.320130354307027,-0.023619097623148323,1.4784256980736878,-6.459186221077498,-0.023619097623148403,0.011874867784205814,16.377480779278596,5.678352348208394,10.699128431070202,13.037125434907836,-0.023619097623148323,-4.344008827945212,-4.320389730322063,4.320389730322063,1.0,1.4784256980736878,3.141592653589793,1.6631669555161053,1.6631669555161053,1.0,30.94519145558103,88.2287399161699,0.25966409851035843,0.7403359014896416,5.242261501297964,11.286183248821517,22.02319253383347,-4.344008827945212,3.141592653589793,2.590615434974658,-4.320389730322063,0.6580562509201082,5.678352348208394,-64.15169176959276,69.83004411780115,156.59172469766105,-0.023619097623148323,1.493655422868102,1.5172745204912503,1.5172745204912503,1.0,1.4784256980736878,1.8808288618125288,0.402403163738841,0.8801346645239343,0.4572063571163866,65.46035950854822,53.970254133965994,0.5481036855800432,0.3289037343823203,8.127750333485938,7.951960760570265,17.99124748423416,1.493655422868102,1.8808288618125288,19.071556343692816,1.5172745204912503,0.16877810717181937,5.678352348208394,-18.781645414743803,24.4599977629522,104.79571329066161,True
155.label,4.4070138656222527e-17,0.434247400120919,0.43424740012091895,0.5001659025046841,0.8682067249013485,0.0,0.795956114591419,0.795956114591419,0.795956114591419,1.0,0.5192188776019661,35.062785040714616,0.014592176393266239,0.9854078236067338,10.959267889393828,6.339055291161924,16.863158262657148,0.434247400120919,0.795956114591419,4.631161677718267,0.43424740012091895,0.24068291610925377,35.95395569715097,13.280701072734043,22.673254624416924,40.10834705280172,0.434247400120919,0.8864666528211831,0.4522192527002641,0.6152898127179947,0.7349695108758926,0.795956114591419,3.141592653589793,2.345636538998374,2.345636538998374,1.0,10.290575986103587,73.45698940949366,0.12287612108476385,0.8771238789152361,4.118356599478325,3.6461094977699764,9.700820018204473,0.8864666528211831,3.141592653589793,11.003122458742608,0.4522192527002641,0.18515252679802632,13.280701072734043,-29.98634830551558,43.267049378249624,57.87766336048712,0.434247400120919,0.9440506851822489,0.5098032850613299,0.5284179864866694,0.964772770985514,0.795956114591419,2.4477987907257335,1.6518426761343146,1.6770081340622656,0.9849938366923767,18.941157611973303,43.33128691670898,0.30416595583057815,0.6887370388589094,6.875734041904747,2.591025409377216,10.523708905491542,0.9440506851822489,2.4477987907257335,11.24069838121929,0.5098032850613299,0.0948472799630214,13.280701072734043,-14.594788778971498,27.87548985170554,48.398170872070125,False
156.label,-9.557233466400515e-17,0.1794955840015535,0.17949558400155358,0.1794955840015536,0.9999999999999999,1.1005020321996275,1.149344085455044,0.04884205325541657,0.062114352926254224,0.786324753530069,5.716773861901138,4.352838552702683,0.5677253132017454,0.3863315616007372,-18.018752357481,3.6626089375054045,22.410489844831794,0.1794955840015535,1.149344085455044,-13.718575948134909,0.17949558400155358,0.027254824388164227,33.683326227173886,30.408076530971325,3.275249696202561,12.051252514271,0.1794955840015535,0.7522842368201662,0.5727886528186127,0.6744700772268334,0.8492424974191645,1.149344085455044,2.0404117973708,0.8910677119157557,0.8910677119157557,1.0,24.435355407922415,64.92498951750066,0.27344741594624866,0.7265525840537513,-2.51800354284897,5.506177482880138,12.399209291624208,0.7522842368201662,2.0404117973708,3.8025098844444107,0.5727886528186127,0.08167628698040065,30.408076530971325,-33.638338294186106,64.04641482515743,82.88435934258648,0.1794955840015535,1.296535783087128,1.1170401990855745,1.3929075443965235,0.8019485597441657,1.149344085455044,1.5971581045337302,0.4478140190786861,0.8044706013514429,0.5566567856257224,53.081005069310436,56.6945997482147,0.4835409939899171,0.406214699342099,17.755209649236964,17.185984297828597,34.89174976296804,1.296535783087128,1.5971581045337302,35.77312431255473,1.1170401990855745,0.2386484857630704,30.408076530971325,-1.9592897782670495,32.36736630923838,109.1385478975538,False
162.label,2.2999250005452065e-16,-0.37742468415398633,-0.37742468415398656,0.37742468415398656,1.0,0.8400653310813821,1.2723117981268126,0.43224646704543046,0.43224646704543046,1.0,12.161570293913456,19.041441114760644,0.3897563005900344,0.6102436994099656,9.936514964494204,1.1383382495862016,11.380427100171813,-0.37742468415398633,1.2723117981268126,9.100716411837814,-0.37742468415398656,0.03682526481831618,27.941590604715625,12.311458222512522,15.630132382203103,23.96951910093552,-0.37742468415398633,1.0620496105251862,1.4394742946791725,2.4884755042111983,0.5784562846783817,1.2723117981268126,3.141592653589793,1.8692808554629805,2.1678855632854965,0.8622599306533637,49.402478674915066,96.40959996730926,0.3388092340150556,0.6173419328185556,1.7283304270064257,3.3193662371121198,7.029553525563007,1.0620496105251862,3.141592653589793,5.334965709519988,1.4394742946791725,0.45479727819043697,12.311458222512522,-47.20040939692888,59.511867619441404,125.6498322498318,-0.37742468415398633,0.25490295174107847,0.6323276358950648,0.6332574702741518,0.9985316645713086,1.2723117981268126,1.9378628231264439,0.6655510249996313,0.7108099687852028,0.9363276462442972,23.941053841729023,30.004072912914467,0.4438038295955663,0.5383954131322681,13.882211167554278,3.4049677231105258,18.904060834318955,0.25490295174107847,1.9378628231264439,19.489813848012847,0.6323276358950648,0.0739342432884263,12.311458222512522,-15.024624138640833,27.336082361153355,49.301519900722326,False
166.label,2.5015279304955386e-17,0.13230607666982253,0.1323060766698225,0.1323060766698225,1.0,1.1610084825723035,1.2008450995299633,0.03983661695765983,0.03983661695765983,1.0,4.365057273447162,3.411313814174748,0.561323170443251,0.4386768295567491,-16.97321594441392,1.7798579659439886,19.113284257574108,0.13230607666982253,1.2008450995299633,-15.020027805871425,0.1323060766698225,0.010948345576182414,35.503052866745875,32.21978477096384,3.2832680957820344,7.048890308548331,0.13230607666982253,-0.03983059456083705,-0.17213667123065957,0.5170705647149977,0.33290750426982624,1.2008450995299633,1.9571450135739386,0.7562999140439752,0.7562999140439752,1.0,18.351711704276404,66.56333424800684,0.2161184922939202,0.7838815077060799,-15.126002071163448,3.3685326651420917,19.727107771135316,-0.03983059456083705,1.9571450135739386,-21.382078278038296,-0.17213667123065957,0.0663868810955313,32.21978477096384,-33.57772594277008,65.79751071373391,74.0223004117934,0.13230607666982253,1.3152735548963141,1.1829674782264916,1.1829674782264916,1.0,1.2008450995299633,1.5412758396072694,0.3404307400773061,0.3404307400773061,1.0,54.25132734917612,29.800504036676195,0.6454508659082918,0.3545491340917081,11.359699090325707,17.14125226885618,30.052176574759017,1.3152735548963141,1.5412758396072694,30.217691412492517,1.1829674782264916,0.13821401717149848,32.21978477096384,2.630211879365011,29.58957289159883,78.62947702968611,True
172.label,1.5813972037626927e-16,0.1523016792321908,0.15230167923219062,0.15230167923219062,1.0,1.5414777848977497,1.580187684642228,0.03870989974447836,0.03870989974447836,1.0,4.916580551348259,1.601412429454721,0.7543089668596981,0.24569103314030205,-12.310135662844397,0.8186417895328867,13.238049249579912,0.1523016792321908,1.580187684642228,-11.348973155358339,0.15230167923219062,0.0029666280423265748,1.2125996983654934,-0.3884716349713852,1.6010713333368787,4.454722040953668,0.1523016792321908,-3.7544906859386593,-3.9067923651708503,4.375828981617474,0.8928119406820946,1.580187684642228,3.141592653589793,1.561404968947565,1.561404968947565,1.0,7.660915888112673,76.11048358881872,0.09145025552810901,0.9085497444718911,17.294811387836663,16.61068597794793,37.45553448792875,-3.7544906859386593,3.141592653589793,31.415077041659632,-3.9067923651708503,0.8667164827340951,-0.3884716349713852,-72.78048465609949,72.39201302112811,142.80081370216266,0.1523016792321908,1.4888787054404706,1.33657702620828,1.3695653998853994,0.9759132541754634,1.580187684642228,2.3239897375687137,0.7438020529264857,1.415326995681933,0.525533714255275,63.13553853662014,57.41127265803756,0.5237429170537705,0.36124528109708526,9.10639136888928,13.370590466518927,23.672055571276804,1.4888787054404706,2.3239897375687137,24.25382238687453,1.33657702620828,0.2986656377063778,-0.3884716349713852,-28.29277493211252,27.904303297141134,96.80258638508118,True
175.label,1.4617485521450997e-16,0.12404528248970997,0.12404528248970982,0.12404528248970983,0.9999999999999999,1.4567745610361233,1.5113003954299493,0.05452583439382597,0.05452583439382597,1.0,4.553809906620082,3.242693644117314,0.5840836058093478,0.41591639419065213,-4.152170436926169,1.4698341655393627,5.927820108571696,0.12404528248970997,1.5113003954299493,-2.523147807351698,0.12404528248970982,0.004829809922374979,6.774183458967202,3.540313013519612,3.23387044544759,6.68892177745188,0.12404528248970997,1.8656427025398579,1.7415974200501478,2.2055151032644833,0.7896556307741127,1.5113003954299493,3.141592653589793,1.6302922581598438,1.6302922581598438,1.0,10.651117471452618,89.50983153104745,0.10634002151064643,0.8936599784893535,4.015748322807419,7.6436629345099325,16.05753472862763,1.8656427025398579,3.141592653589793,1.8976538219772232,1.7415974200501478,0.49267481163825,3.540313013519612,-61.437902064890324,64.97821507840993,139.30828033813063,0.12404528248970997,1.446669605776227,1.322624323286517,1.322624323286517,1.0,1.5113003954299493,1.784972074949068,0.27367167951911875,0.38996512102427405,0.7017850181070003,57.53897764890328,23.161182813918778,0.7129970661633448,0.24411709255471398,10.961937506843004,9.510478511081171,23.479683655266626,1.446669605776227,1.784972074949068,23.52349728945735,1.322624323286517,0.11132688912469126,3.540313013519612,-12.654808284009494,16.195121297529106,79.35807369982606,True
177.label,-2.0800423069764786e-16,0.6052810867328786,0.6052810867328788,0.6052810867328787,1.0000000000000002,1.2613965685864834,1.4313057680327843,0.1699091994463009,0.1699091994463009,1.0,24.241006171989454,18.0813009621028,0.5727713778737357,0.42722862212626433,-26.768391418880718,9.739804465691924,38.70252317274668,0.6052810867328786,1.4313057680327843,-16.355738035446947,0.6052810867328788,0.04846332593426044,32.92917920245591,15.03653363742173,17.892645565034183,27.51835573812297,0.6052810867328786,1.3560762005126341,0.7507951137797555,1.1459441567281006,0.6551760043206866,1.4313057680327843,2.2204125978416904,0.7891068298089061,0.7943033873245235,0.9934577170404357,56.23614036730986,82.4054300307095,0.405622499845207,0.5927012299933849,-8.803177769528265,9.899331448609693,18.669610187668184,1.3560762005126341,2.2204125978416904,9.24110016890914,0.7507951137797555,0.1930983185425499,15.03653363742173,-65.41571271469262,80.45224635211434,108.63330705196178,0.6052810867328786,1.1480504036472532,0.5427693169143746,0.5427693169143746,1.0,1.4313057680327843,1.7184043459440783,0.287098577911294,0.287098577911294,1.0,31.96347742385449,30.96833036071955,0.5079065507425236,0.4920934492574765,5.589025740631884,13.128294330662877,22.59689779298139,1.1480504036472532,1.7184043459440783,24.77349040289521,0.5427693169143746,0.034693864274624904,15.03653363742173,-15.90537628520487,30.9419099226266,56.62135481669523,True
184.label,-7.489231619684548e-17,0.17042938360523616,0.17042938360523624,0.17042938360523624,1.0,1.529420408042038,1.5713335481313484,0.04191314008931046,0.04191314008931046,1.0,5.952833789849739,6.603023593776133,0.47410810810999227,0.5258918918900077,-4.026100725899836,1.852191578984183,5.936561760580268,0.17042938360523616,1.5713335481313484,-1.4969790535607177,0.17042938360523624,0.00630200294942775,6.518195234561213,-0.08465582947739071,6.602851064038603,9.817616693455316,0.17042938360523616,0.6174958025331665,0.4470664189279303,1.3785658785815091,0.3242981897883214,1.5713335481313484,2.0711912245771456,0.49985767644579715,0.49985767644579715,1.0,44.77609860726544,75.77912311653976,0.3714156713165732,0.6285843286834268,-8.58562869709663,10.036469029870714,25.21516689915961,0.6174958025331665,2.0711912245771456,-25.986079512920607,0.4470664189279303,0.2526146348069388,-0.08465582947739071,-75.60292306186206,75.51826723238467,96.46855779771731,0.17042938360523616,1.4226876786764915,1.2522582950712553,1.2522582950712553,1.0,1.5713335481313484,1.534544818285638,-0.036788729845710355,0.08500101368559343,0.4328034249307496,49.292582055577526,13.3929844154382,0.786346599872703,0.06059564067363946,7.311733213849644,5.857223629431438,13.139862112933455,1.4226876786764915,1.534544818285638,9.686598168600636,1.2522582950712553,0.039665536483103433,-0.08465582947739071,5.71129500799913,-5.7959508374765205,62.92548182972984,True
185.label,-6.304999213894582e-17,1.0853252744432464,1.0853252744432464,1.0853252744432467,0.9999999999999998,1.1447074316449217,1.462364922414023,0.3176574907691012,0.3176574907691012,1.0,41.2843292365556,36.31704617480591,0.5320051225601243,0.4679948774398756,-9.360579230226316,11.597117129293684,24.776513089730436,1.0853252744432464,1.462364922414023,0.1291447578312794,1.0853252744432464,0.15468000799679185,48.870882506302486,12.796031417033554,36.07485108926893,53.18483162678316,1.0853252744432464,1.9086698514136642,0.8233445769704177,0.8233445769704177,1.0,1.462364922414023,1.9287548014238072,0.46638987900978424,0.4716399046253723,0.9888685720523198,43.60919825995776,54.89330648339135,0.4427217193469616,0.5543077117138173,6.851139013560288,8.332656428101341,19.682088264476594,1.9086698514136642,1.9287548014238072,23.163227672559593,0.8233445769704177,0.06026029036264748,12.796031417033554,-41.42758506814359,54.223616485177146,93.49971163028822,1.0853252744432464,1.6508981875619584,0.5655729131187119,0.5655729131187119,1.0,1.462364922414023,1.6065586733598178,0.1441937509457949,0.24396014677976963,0.5910545343127829,30.894315800926478,28.807594046358613,0.517476172537073,0.38386934925913263,21.828690809934944,14.067288163505896,40.531870928893156,1.6508981875619584,1.6065586733598178,42.211742296771476,0.5655729131187119,0.041999728264701455,12.796031417033554,-4.227708216270025,17.023739633303578,73.77227951270767,True
189.label,1.9991563860625722e-16,0.3239855910766804,0.3239855910766802,0.32398559107668023,0.9999999999999998,1.5300930211028818,1.5781085308851504,0.04801550978226854,0.04801550978226854,1.0,11.209934067295867,5.429793540047263,0.6736849503683529,0.3263150496316472,0.3300534806464288,2.985432406777065,3.973980668243882,0.3239855910766804,1.5781085308851504,4.175757549688095,0.3239855910766802,0.010044709800442964,4.6024669198158925,-0.8270377917422989,5.429504711558192,14.123986997346075,0.3239855910766804,-3.681109636663498,-4.005095227740179,4.716560284641462,0.8491559496826475,1.5781085308851504,2.133315640191405,0.5552071093062545,0.8064755256106122,0.6884364021907383,157.3671401646041,84.21525009941371,0.6514015363148883,0.29864454890576236,-11.363686024694033,14.00578527125416,30.004794126560956,-3.681109636663498,2.133315640191405,-17.79664084569786,-4.005095227740179,0.7081492180071637,-0.8270377917422989,-60.320924090020476,59.49388629827818,133.84789860087713,0.3239855910766804,1.5557164477012655,1.231730856624585,1.231730856624585,1.0,1.5781085308851504,1.5642234496065148,-0.013885081278635525,0.19958724676583994,0.06956898050167404,54.29394577789513,22.56999588706885,0.7063643185845532,0.13659911289990637,6.7289131724220566,6.038792399951871,12.858532843358857,1.5557164477012655,1.5642234496065148,12.503478246383711,1.231730856624585,0.04859552897773934,-0.8270377917422989,0.7434184096739019,-1.5704562014162007,77.42596752570971,True
194.label,5.6998253804429e-17,0.6921195266041649,0.6921195266041648,0.6921195266041648,1.0,0.33952570889462413,1.1968771336179327,0.8573514247233085,0.8573514247233085,1.0,15.60378832401527,43.27819926515416,0.2650010463791712,0.7349989536208288,5.139726812055008,0.8567224301437527,5.956450610640359,0.6921195266041649,1.1968771336179327,4.880769133383404,0.6921195266041648,0.09207047946163321,42.81557060701288,16.585944928935284,26.229625678077596,42.49109642909346,0.6921195266041649,1.8598012127926962,1.1676816861885313,1.3888909874706101,0.8407295437311924,1.1968771336179327,3.141592653589793,1.9447155199718604,1.9447155199718604,1.0,19.45424015391041,90.21936137177539,0.17738307015799223,0.8226169298420077,4.1987192617669296,2.683228325675812,8.381751852466856,1.8598012127926962,3.141592653589793,1.981589792154392,1.1676816861885313,0.2669302126756776,16.585944928935284,-47.389366429275334,63.97531135821062,114.32446104504773,0.6921195266041649,1.404293747185234,0.712174220581069,0.712174220581069,1.0,1.1968771336179327,2.0474659577466476,0.850588824128715,0.8669141727345713,0.9811684372925176,37.535822088884096,39.30061000040025,0.4885159431305617,0.5066608586738434,14.556766047276687,7.791605463728297,25.011376228810725,1.404293747185234,2.0474659577466476,25.38393752994447,0.712174220581069,0.07179671637819196,16.585944928935284,-20.834114122726547,37.42005905166183,67.88958385945304,False
195.label,8.697527205051679e-17,0.33812786587812593,0.3381278658781258,0.3381278658781259,0.9999999999999999,1.248671266093427,1.2254150923466103,-0.023256173746816655,0.023256173746816655,1.0,10.528059061192018,1.6585902782518478,0.8639010418652501,0.0,-7.408891263792003,1.2107528556726201,8.580196432680182,0.33812786587812593,1.2254150923466103,-5.840254024755282,0.3381278658781258,0.006952426657745463,23.495559770468873,25.12626509007485,-1.6307053196059762,8.79974924509303,0.33812786587812593,1.3655690568481065,1.0274411909699805,1.0274411909699805,1.0,1.2254150923466103,1.9166557309716208,0.6912406386250105,0.6912406386250105,1.0,36.824606679718585,50.53612551917723,0.42152355815744896,0.5784764418425511,3.669704740860194,4.216886584744185,7.146885469989042,1.3655690568481065,1.9166557309716208,5.4250854831906015,1.0274411909699805,0.051595667169126884,25.12626509007485,-25.159654425317225,50.285919515392074,70.38009788981857,0.33812786587812593,1.9012560611105491,1.5631281952324232,1.8549462985090888,0.8426811042933081,1.2254150923466103,1.3659010310263362,0.14048593867972592,1.0032829453741556,0.14002624018225918,57.26365312758839,66.33680642782998,0.46329644188671687,0.30906520186317993,7.313797853197516,11.471226311232284,24.47190452015748,1.9012560611105491,1.3659010310263362,26.574052544421907,1.5631281952324232,0.31357767250900953,25.12626509007485,15.100353762021001,10.025911328053848,107.59405271321249,False
199.label,-9.302873012186485e-17,-0.5695421634264576,-0.5695421634264575,0.5695421634264575,1.0,1.8454232131699904,1.59965848829961,-0.24576472487038026,0.24576472487038026,1.0,20.237588860450582,8.566675933111082,0.7025900159400733,0.0,-14.449698471409528,1.7518547087548098,15.878856462505688,-0.5695421634264576,1.59965848829961,-15.453454680122418,-0.5695421634264575,0.006992282964979488,-9.379531656184136,-0.9981125619832941,-8.381419094200842,16.000123213831024,-0.5695421634264576,-2.5396663652224865,-1.970124201796029,2.093045443647588,0.9412715847978236,1.59965848829961,2.013018723426356,0.4133602351267458,1.6305010543012783,0.25351730625153374,81.24078646138604,56.97527043584257,0.5877811036223752,0.2592597669051059,3.175031449335878,13.918225067424386,21.282166847007954,-2.5396663652224865,2.013018723426356,18.261230452342183,-1.970124201796029,0.36811036414227044,-0.9981125619832941,-14.801410837899454,13.803298275916159,113.27641053065757,-0.5695421634264576,-1.6816020975906953,-1.1120599341642379,1.1120599341642379,1.0,1.59965848829961,1.5903765042477227,-0.009281984051887404,0.3230681345584132,0.028730732186182696,46.335741562728664,11.176472496908458,0.8056678450021234,0.09437858744967244,-1.8966842555025916,9.03886024636452,14.173403837286836,-1.6816020975906953,1.5903765042477227,12.608897251598908,-1.1120599341642379,0.0686229536636746,-0.9981125619832941,-0.6771733213712829,-0.3209392406120112,50.088298006445044,True
