variable,type,n,mean,std,median,iqr,min,max,p5,p95,circular_mean_deg,circular_std_deg,resultant_length,period_deg
crown_a,linear,191,90.7951413845738,127.78645401939211,55.19830702762662,10.62040153238349,39.91153422272665,704.5866550509471,44.81654190615734,479.73523714021985,,,,
crown_b,linear,191,40.436463759130554,15.863089846959824,36.307656238168,5.1179526630329235,25.61731870676851,111.44761536168684,30.26879749489251,86.87358559286965,,,,
crown_axis_ratio,linear,191,1.871495131231637,1.2009764873904618,1.5447872942621839,0.4244943210247467,1.09619889355254,7.3380961031649425,1.1967646410328614,5.171306682106717,,,,
crown_eccentricity,linear,191,0.7562460594065,0.11740898579280433,0.7622028006836894,0.14222534621431793,0.40964902241971474,0.9906710296353474,0.5493579749077584,0.9811097959069079,,,,
crown_tilt_deg,axial_circular,191,-4.0325027751857,33.20517051563388,2.689989186393639,28.58437528999528,-88.97997770433133,83.0250064635034,-71.51707599842078,41.23416736064683,1.6887930187686135,31.521653695463655,0.5458862474620165,180.0
lad_a,linear,191,214.97336497999896,168.80267290924107,198.5056031621299,313.77135594455046,14.105552536932342,674.5101977115339,32.34729443828205,480.17724774881924,,,,
lad_b,linear,191,68.98714811169651,44.74781142171899,56.537694638631194,71.5255713559252,1.7403340863650427,192.37614120304875,9.897463588100074,146.36559276486514,,,,
lad_axis_ratio,linear,191,3.0977688979145634,2.0322228810168195,2.9538865965991477,2.1126035197907203,1.0111525677005424,19.814089916336734,1.3495463454284113,5.471403231489412,,,,
lad_eccentricity,linear,191,0.8800334001619265,0.12005957072318522,0.9409530691046163,0.1618294958524834,0.14811302571843202,0.9987256211316552,0.6714931379454182,0.9831536479664069,,,,
lad_tilt_deg,axial_circular,191,-5.463218567334477,50.21847920433563,-10.896365335341898,83.98603440953435,-88.96957270212006,89.9093939333973,-80.12287534480548,75.54781627519363,-28.955470288092638,67.9855303619385,0.05985064139623535,180.0
plane_angle_deg,linear,191,70.39647250082886,15.322652552783198,73.62901429839602,18.754390747883733,14.702948881376615,89.62385788836853,40.61724635394346,88.0758795900255,,,,
bifurcation_crown_theta_deg,directional_circular,191,48.839894958052135,97.5499242305715,94.7957048059274,151.97206937466711,-170.2109746325799,174.01834874150032,-131.2872108577521,150.23416388683046,118.8975481038927,71.14030489742562,0.46263091794208444,360.0
lcx_terminal_theta_deg,directional_circular,191,35.43399994876734,136.61124988367263,102.88585467962041,287.94954860421456,-179.83365518193105,179.55051983009994,-174.19147550575988,170.3981266096876,158.9988293003893,52.279827318632066,0.6594908558672312,360.0
rca_start_theta_deg,directional_circular,189,-14.915254021795928,78.43899946781373,-20.532712570671862,141.085256866976,-167.2623608363019,161.52344588404566,-143.91380378830283,86.19403869935996,-14.22142185674589,89.32636690843628,0.296620530752152,360.0
rca_terminal_theta_deg,directional_circular,189,-31.371875098254893,107.99936225133492,-81.11435389162928,184.32554247069496,-179.9897894636391,178.07036613820395,-168.66201502205135,156.3371312621809,-139.056315480223,98.19771959276397,0.23022890414129987,360.0
bifurcation_lad_theta_deg,directional_circular,191,-7.148914864445312,95.40606545437831,10.540437978759988,70.29894558195893,-178.5421673550637,173.86952018825426,-169.6709160008583,155.5207287810419,23.23572304762877,92.18757099729284,0.27406145227283085,360.0
lad_terminal_theta_deg,directional_circular,191,-19.398848521445256,121.60571629444583,-25.413324981510563,197.3665304119097,-179.65438511323694,176.49534761125528,-176.15356754256038,170.4587039912054,-141.66868822720193,101.16971462883423,0.21036166025535236,360.0
lcx_signed_angular_extent_deg,linear,191,14.866356299615733,63.211625501234295,27.13942997862759,76.43401175778521,-147.71720370655441,114.79586124828046,-109.05856597007974,97.54266327108317,,,,
lcx_angular_extent_deg,linear,191,54.120749822741935,35.68486664890864,49.53916927821175,59.405762077947614,0.7863857161661925,147.71720370655441,5.118148272784742,113.2917515571603,,,,
lad_signed_angular_extent_deg,linear,191,10.367867390120475,118.96869894721617,-30.809332980424372,172.63333015742745,-246.32529360804637,255.45430364201977,-193.92383734157363,218.4850347233888,,,,
lad_angular_extent_deg,linear,191,95.36775770286181,71.54531483986337,48.24653257628193,121.33369048609116,17.633998478280304,255.45430364201977,26.91630879981569,222.10025406361953,,,,
crown_fit_rmse,linear,191,10.437192096210692,4.292953169538437,10.383549906123209,6.835705353620836,1.1711126918735237,23.401172210106598,3.6013516042123035,17.135341769631808,,,,
crown_fit_max_error,linear,191,25.9539888341337,9.601251962031938,26.62950476479168,15.258163669431688,2.7222660839175967,50.99547917198438,10.874778681602963,39.64212551674977,,,,
lad_fit_rmse,linear,191,2.9686183114508173,1.7469958399475276,2.688394889567855,2.4443824572009203,0.176903000950824,9.175526766295453,0.5612706115629496,6.299883667853232,,,,
lad_fit_max_error,linear,191,7.422177629972439,4.882868947288243,6.486741302569162,5.88772615430403,0.3180519039734016,24.52650223556381,1.5734280642506633,16.999824114428225,,,,
lcx_residual_mean,linear,191,9.740951726374858,5.428586720846812,8.850442906235903,7.799981170822343,1.0744282254631854,31.32691697866093,2.8338045670809775,20.013988872751135,,,,
lcx_residual_std,linear,191,5.076543736784026,2.698934882818884,4.6859073656344465,4.26063722516521,0.46737659546964744,11.58598208857445,1.3444431044501286,9.897040878712282,,,,
lcx_residual_rmse,linear,191,11.016447583475031,5.9873581167567345,10.105267771491341,8.720011111672733,1.1711126918735237,31.489524770294583,3.1552235779646463,22.328862658125004,,,,
lcx_residual_p95,linear,191,18.592554299408945,9.479962472728609,16.7676235061945,14.442357551320617,1.8335556287686148,40.15007883141445,5.302309637498569,35.229819439267246,,,,
lad_residual_mean,linear,191,2.5253108238684256,1.467299018492664,2.2648081579935764,2.031894692705001,0.15722583319119543,8.053138380595101,0.4609752248716711,5.198355691453401,,,,
lad_residual_std,linear,191,1.532375165551456,0.9997802281210396,1.323486733409935,1.306621606937613,0.08290693298760793,5.080460550010226,0.2987360911425818,3.4820032046663494,,,,
lad_residual_rmse,linear,191,2.9686183114508173,1.7469958399475276,2.688394889567855,2.4443824572009203,0.176903000950824,9.175526766295453,0.5612706115629496,6.299883667853232,,,,
lad_residual_p95,linear,191,5.313795560099393,3.2888138674387335,4.860732807550177,4.391240563490387,0.27466986672365223,16.71223812466445,0.8873316970337424,11.719115163110846,,,,
coronary_plane_rmse,linear,191,9.639363852740827,4.216346105951326,9.715894126363702,6.2985911619797665,0.6902083319987331,22.169719105064694,2.6732352198125477,16.33527283316851,,,,
lad_plane_rmse,linear,191,2.492284387881008,1.6695855236771016,2.232213121538922,2.3550360620081756,0.10982967920992123,8.906612979301904,0.34290182822122006,5.677041211887729,,,,
lad_pointwise_in_plane_residual_mm,pooled_pointwise_linear,45985,0.9827381620184106,1.2040892116163429,0.6493201672289124,0.9987376192804551,6.433317654723597e-06,24.153465934386464,0.049480081419581275,2.9921999609249523,,,,
lad_pointwise_out_of_plane_residual_mm,pooled_pointwise_linear,45985,-3.745472635603964e-16,3.4985918984670956,0.014089069370822042,3.4931839402784437,-20.25916919092472,20.974657225855292,-5.805236653452141,5.671434900925948,,,,
lad_pointwise_euclidean_residual_mm,pooled_pointwise_linear,45985,2.9919822681749153,2.522331031865179,2.282256977843627,2.8073771573580615,0.005826572359818425,24.52650223556381,0.4121562820017201,7.95081529298915,,,,
lcx_pointwise_in_plane_residual_mm,pooled_pointwise_linear,31352,2.5145502077727913,2.4378154109748933,1.8389132327574371,2.679594588096736,0.00012255472125448954,21.20096969303649,0.14638743505225676,7.08951450786375,,,,
lcx_pointwise_out_of_plane_residual_mm,pooled_pointwise_linear,31352,0.3264314073760432,12.971245344379223,0.7311100341262484,15.001412227262392,-43.95623778710475,39.096124576654084,-22.543647872444723,22.447561504315175,,,,
lcx_pointwise_euclidean_residual_mm,pooled_pointwise_linear,31352,10.657541766495823,8.286141336232973,8.222939471347036,10.823966526294466,0.03965559649337002,44.29029675160371,1.4035485208127085,27.820302622617614,,,,
