case_id,origin_x,origin_y,origin_z,R_00,R_01,R_02,R_10,R_11,R_12,R_20,R_21,R_22,delta_theta_rad,determinant
1.label,-56.58837804508377,206.35919415509258,98.80008894636097,0.9953641317062677,-0.0685451309409601,0.06746710559164656,0.09617773673781167,0.7115484836244782,-0.6960234180023672,-0.00029710035332179593,0.6992855786272104,0.7148423541280886,-1.5939850919151874,1.0
2.label,-33.76847464139344,171.3637188353825,-236.68659981482668,-0.22389444241428488,0.11044052687244592,0.9683357726946439,-0.826829165665967,-0.547523674646014,-0.1287297809609218,0.51596977572346,-0.8294701415519804,0.21390295653314392,1.1622826011502634,1.0
3.label,-38.984890712780896,219.37615212429776,135.8567385212759,0.8612240105549821,-0.35735500119206054,0.36137322364366514,0.5073855123557064,0.6454276078664067,-0.5709493365048999,-0.029208654455988158,0.6750708156385302,0.7371745033423228,-1.357335942195093,1.0
4.label,-27.6511876821845,183.01619968492798,481.91366104105043,-0.07925499224633228,-0.15934374387715983,0.9840366951954809,-0.953057454305941,-0.2772737046778922,-0.12165846245155512,0.29223301489721054,-0.947485548164935,-0.12988841758478564,1.3484333103059163,1.0000000000000002
5.label,-13.993255615234375,169.0871353149414,110.74687576293945,-0.788651051389891,-0.42634172467561304,0.4430149579215624,-0.1882264385611277,-0.518524424859323,-0.8340882619069173,0.5853207043734349,-0.7411917124637406,0.3286860483909442,0.346114118891155,1.0000000000000002
6.label,-15.476541498655914,184.79757854502688,-246.59703080372145,-0.23563230518882713,-0.05870032914219098,0.9700678780941042,-0.8217257969612516,-0.5209125473384152,-0.23112081826135727,0.5188873975727252,-0.8515893314174396,0.07450824958488012,0.9556588968334665,0.9999999999999999
7.label,-32.37789875565611,187.74908088235293,-226.78641313233527,0.9928061499714238,-0.006852203020023482,0.11953658809206112,0.061711527505020645,0.8848233555325549,-0.4618217371206201,-0.10260426868271996,0.4658762462477373,0.8788809289262123,-1.5298508120368683,1.0
8.label,-58.65137493799603,150.76870969742063,93.84583409627278,0.2606435921278093,-0.5188711168646281,0.8141484397616725,0.6814821696216332,-0.49845151953676375,-0.5358433867831931,0.6838471834924114,0.6944917902719547,0.22368321992127968,-0.9739920098068752,1.0
9.label,-34.6322337962963,194.39641203703704,21.86203779997649,0.3335228093684755,0.6208776602898445,0.709417695426304,-0.5530086939785678,-0.48059015793680576,0.6805986221543465,0.7635076424077747,-0.6193093177462169,0.18306296440743294,1.0402248659736286,1.0000000000000002
10.label,-16.926151072485208,171.49188701923077,72.58017732405804,-0.3922442043735254,-0.014246348894543145,0.9197507954215398,-0.7447091036677442,-0.5820091017675496,-0.32660948604428963,0.5399563269837341,-0.8130574684503581,0.21768031134516952,-1.2271503480166923,1.0
11.label,-16.11703426888173,146.29333238802693,108.8223661025179,0.6011933930834622,0.7653502282326986,0.229794543575233,-0.5295112239559654,0.1661721307752592,0.831868190675822,0.5984850606468378,-0.621792450177522,0.5051631232431606,1.647485968456738,0.9999999999999998
12.label,-38.576755234117165,185.10241658931517,-258.97077987217665,0.9742617578701248,0.2208866541300784,-0.04497903043678595,-0.198128602241525,0.7439228890961952,-0.6382192351007526,-0.10751318117158364,0.6307042263264051,0.7685395856872808,-1.91411659327217,1.0
13.label,-14.486684820434299,160.7281154301225,282.21280318432235,-0.7514468392215649,-0.6098408449503497,0.25183683537990165,-0.017546447073578306,-0.3630844233151789,-0.9315910174217966,0.6595602853560955,-0.7044599671919816,0.26213810216154826,-0.07576759970445673,1.0000000000000004
14.label,-24.593082655997577,161.80696404230613,71.6995959320438,0.31228051065069207,-0.1369931844714271,0.9400605034124774,-0.932634193213175,0.14407773121654086,0.3308097172350058,-0.18076046115606478,-0.9800379965980257,-0.08277186059751852,1.2273674117969715,1.0
15.label,-32.83954696784805,158.92082880146435,173.4134944015529,0.9314538507299349,0.06795716370616432,0.3574570573668811,-0.3140300052357195,-0.3460841675712209,0.884087611477612,0.1837903146850511,-0.9357390516899189,-0.3010208420864264,0.43797693124980025,1.0
16.label,-21.620233260697304,166.77118413232964,-204.49452028108286,-0.1607381850390094,0.1293287981383214,0.978487249708683,-0.8396648114805906,-0.5389944222311438,-0.06669345668789071,0.5187737852201374,-0.8323214972447923,0.19522982608340855,1.23530099391987,0.9999999999999999
17.label,-53.86661116803279,175.37685706967213,-228.37129926837858,0.10353225469741434,0.04153903245261653,0.9937583111703622,0.7634959916335555,-0.6436638321408267,-0.05263783765771137,0.6374597579430121,0.7641802012462023,-0.09835485258262669,-0.38634606850103315,1.0000000000000002
18.label,-2.217901882857834,195.19725618048838,102.9229214592644,-0.5268711232583168,0.18974377022294184,0.828495094214868,-0.8432620233543328,-0.23869351422114332,-0.4815958536336432,0.10637659256094058,-0.9523773978472738,0.28576443554924635,0.4941564688709437,1.0
19.label,-48.478756838279374,169.17829408348322,167.62385785951318,0.7613732460141992,-0.2219696362935449,0.6091307419737682,0.6371566312741531,0.42975210481985837,-0.6398004029588248,-0.1197589557284751,0.8752386011634844,0.4686311807340739,-0.6684387419232934,1.0000000000000002
20.label,-42.424312943262414,185.62936613475176,-249.43367573623115,-0.420257192358073,0.3404918759525655,0.8410999790046438,-0.5945069918241187,-0.8035936100111052,0.028262105752348766,0.6855255859145937,-0.4881624651277713,0.5401407952532661,1.4756629723331642,1.0000000000000002
21.label,-45.54543022260274,192.4976321703767,34.78219254376137,-0.6186827846401111,-0.6758886942378272,0.400507284567264,0.22537078503351657,-0.6410425575410001,-0.7336705314203847,0.7526218314952966,-0.3636466862529874,0.5489275601879422,0.0687119681658556,1.0
22.label,-20.49085759437322,164.77289496527777,140.72065221889747,0.24808847640046153,-0.27623148334590764,0.9285193996281486,-0.9017833369994536,-0.4159976165482839,0.11718701351377257,0.3538911145923669,-0.866396070301953,-0.3523051637116687,-1.2759815087904796,1.0000000000000002
23.label,-49.80280949519231,174.76637620192307,96.23994159134182,-0.290421573541421,0.41571676122344536,0.8618786945154253,-0.7295241550811103,-0.6790564770257369,0.08171173821787767,0.6192332490870602,-0.6050304748087354,0.5004880695658981,-1.5392072605533778,1.0
24.label,-19.132710911283556,168.54249357697148,90.98439673609381,0.08451095008680971,0.13997821307890665,0.9865414330775272,-0.9912753905115744,-0.0886940703461218,0.0975010874378476,0.10114840325754214,-0.9861741538636436,0.13126133768088846,1.7430869930195416,0.9999999999999999
25.label,-58.928864583333336,178.29136458333332,-247.05132112630207,0.6246959458213439,0.10076223473235757,0.7743396847160282,0.6684880586307163,-0.5815258768633423,-0.4636284827385576,0.403582322138263,0.8072636660906165,-0.43063520834625824,-0.7357623757323236,1.0000000000000002
26.label,-34.156349410553894,163.310172623503,141.09670353506854,0.6015340517246004,0.005701421473981694,0.7988268137769047,0.36421873542974725,0.888035351238418,-0.28060279348719114,-0.7109862849434871,0.45973982723278994,0.5321069383857187,0.764523036175016,1.0
27.label,-54.26643549272181,129.71978432590112,179.207852770793,0.9269844198833324,0.19777450115643,0.31872422560245905,0.20943044108933362,0.43203923346840495,-0.8772006561153269,-0.3111892922943993,0.8799018964841242,0.3590736371901349,-0.5219680219517218,1.0
28.label,-17.317189202069716,154.25457005718954,-227.49661088665067,-0.565352849837904,-0.015286874002230244,0.824707503702616,-0.6350179233223142,-0.6300375461978771,-0.4469954445409635,0.5264298550040413,-0.7764141947853593,0.3464860832648638,-2.144911862395451,1.0000000000000002
29.label,-15.428133089866863,171.37685778014054,79.0202670351288,-0.6293551909353222,0.4124911924106538,0.6586069084259603,-0.6958297142576044,-0.6764793550753446,-0.24123990323540262,0.3460246413175582,-0.6101038422600557,0.7127694222261309,0.5407592239811289,1.0
30.label,-17.51442557053942,161.05802645228215,-205.7522699506451,-0.8927496544495038,-0.3831988717613936,0.236974005243374,0.05456048837674382,-0.6140393563975698,-0.787387339181263,0.44723730567606146,-0.6900103575133153,0.5690909408310451,-0.69012177310123,1.0
31.label,-16.085448236292756,178.85852419202718,-177.66972136161698,-0.7965124507673791,-0.3862428432171923,0.4651713467487472,-0.09362752490800734,-0.681285266707982,-0.7260056969103167,0.5973288896011512,-0.6218254187713249,0.5064892360334249,0.4179321376156677,1.0000000000000004
32.label,-37.875524341941116,153.52660499313873,154.23941810592683,-0.671237381412335,0.4913248062988616,0.5550137948827019,-0.7088667638964726,-0.6443629736615246,-0.2868872064366413,0.21667553816168092,-0.5860002499056325,0.7808043405827624,0.7887308355472096,1.0000000000000002
33.label,-47.56620536850814,167.10149288760184,39.6669050399252,0.0414310955921117,0.2814766760571731,0.9586732212562541,0.42077654816660387,-0.8751759827148962,0.2387762462893101,0.9062177226423213,0.39349444737482747,-0.15469828394052781,0.1777448090125339,1.0
34.label,-2.0130357654816513,184.3277457234327,238.18241285038286,-0.6541688331235072,-0.7443805685185015,-0.13401756221444022,0.6632999067147246,-0.47946717538441713,-0.5745819884760801,0.3634506452354526,-0.4647674654501548,0.8074000443008239,-1.0269855283414453,0.9999999999999999
35.label,-52.03761530496988,136.1716796875,405.03916883353725,-0.512400601182804,-0.24518591854312746,-0.8230002972391105,-0.7875747485850381,-0.24784216913676507,0.5641810654291737,-0.34230343161983573,0.9372609692853673,-0.06610776168906662,1.063869594763921,1.0000000000000004
36.label,-10.263797883064516,176.46343245967742,-230.45160069619456,-0.7140799129870002,-0.562906480366316,-0.4162044836736918,0.6080414251545657,-0.20405561918936255,-0.7672332954018943,0.3469517303091063,-0.800935452229986,0.48798247734592387,-0.993787337974761,0.9999999999999998
37.label,-34.31556640625,153.01529296875,-232.35665445963542,-0.16241241171091372,0.09125437975333546,0.9824941967757768,-0.6862305896920707,-0.7259272033225205,-0.04601383756238007,0.7090203003392198,-0.681690790353059,0.1805211346482849,-1.5948217110265632,1.0
38.label,-43.52861870659722,169.45356354890046,100.60162113330982,-0.4538081759482028,0.8631733576781726,0.22133660799143573,-0.1523143724004711,-0.31986847703368215,0.9351387540682952,0.877985461954135,0.39066086570674335,0.2766326383535431,1.2148323602107238,1.0
39.label,-69.4604011496114,147.24264289183938,-219.873837248649,0.9788162819710613,0.11826573949230554,-0.16712839678129626,0.16785479459291294,-0.9309409061122645,0.3243050990333745,-0.11723247877836261,-0.3454884139724717,-0.9310715878654374,2.812266232073523,1.0000000000000002
40.label,-32.755286559270026,167.2478248142765,126.3860434598701,-0.016993798004855596,0.27391851126198835,0.9616027558287186,0.9998342239305648,-0.00163255379513222,0.01813448166535971,0.006537238448720937,0.9617515188218431,-0.2738453588384192,1.2036206473286755,1.0000000000000002
41.label,-2.9590287642045454,153.07401899857953,78.932955308394,-0.4121851962520353,0.17778642543760925,0.8935856707226166,-0.708318482270624,-0.6794058221823585,-0.19155327316063583,0.5730517355915702,-0.7118986695554578,0.40597043318529763,0.8597130695317291,0.9999999999999998
42.label,-34.19411101494169,155.98228521319243,-144.4027727310581,0.7450888849102147,0.5884282205887442,0.3139980617742998,-0.08094943225987002,0.5470886946026332,-0.8331513365858518,-0.6620345481922054,0.5953538355068783,0.45526263579080545,-1.2962309167223718,1.0
43.label,-24.156359011627906,145.9547601744186,-253.56859244413155,-0.7123537061116112,-0.6866965896758574,-0.1449137368112467,0.3909716544387698,-0.21681265564228558,-0.8945017818756712,0.5828321909559075,-0.693858822874572,0.42292620054171376,-0.4817848149416374,1.0
44.label,-25.046698039010067,144.12131986682047,56.198321956916146,-0.0932312280053663,0.22668219893535668,0.9694963222263624,-0.8697378096411515,-0.49250666109622376,0.03151715812793576,0.4846277753134083,-0.8402692243928019,0.2430710800015007,1.4309296131528118,1.0
45.label,-30.252645687181122,180.57282366071428,144.01504796865035,-0.9040332369448958,-0.40716901720887905,-0.13014337449171062,0.2163404892220604,-0.6983991262886204,0.6822282998545657,-0.36867424540113136,0.5886017769463895,0.719463167197223,0.5007662741207715,1.0000000000000002
46.label,-41.066075130528255,183.13011075706387,120.81240862534732,0.6655098733441533,-0.3084165444181554,-0.6796880487478156,-0.32274047134116596,0.7021929855867624,-0.6346365882544364,0.6730046037286306,0.641719756686603,0.36777786398607,-2.5187171546893046,1.0
47.label,-26.977205141129033,171.48506804435485,25.201613666165258,-0.8299130599193725,0.024659499082662625,0.5573474877311786,-0.44286821025926854,-0.636674118984294,-0.6312795058904775,0.3392816843229478,-0.7707385907819624,0.539305074482355,0.03790110140128499,1.0
48.label,-50.177149975393704,141.29063115157481,-45.63464872104915,0.05999573602143203,0.19618699795514583,0.9787293668285398,-0.7278082023236369,-0.6624381201148533,0.17740055707109725,0.6831513245904475,-0.7229705380249233,0.10304304371606128,1.5651237623370764,1.0000000000000004
49.label,-22.31588363647461,147.76047897338867,-164.8117218017578,-0.31341445607542257,0.050751293936528594,0.9482592920117974,-0.8005095611013618,-0.5512930236281527,-0.23507540212500794,0.5108383514461812,-0.8327666589523726,0.2134100991730493,-1.8260691213698708,1.0000000000000002
50.label,-57.793626434948976,166.0126355229592,130.0099497425313,0.337528517156152,-0.6567721469448962,0.6743328904211637,0.490001819413656,-0.4890722414580394,-0.7215999997273533,0.8037242792635271,0.5739849210846929,0.15674371850164456,-1.3172298838482819,1.0000000000000004
51.label,-7.1713616408610275,172.58699372167675,115.4635959291026,-0.6091822204565861,-0.312046276081112,0.7290570237392229,-0.26123775712961705,-0.7890549054927111,-0.556010063189306,0.7487668906471964,-0.5291686665910967,0.3991599501061325,-0.19553833669425388,1.0
52.label,-22.252555979330708,172.17024790846457,310.9240126962737,-0.03557991570660806,0.042328689033328926,0.9984700053997768,-0.8959223184963874,-0.4440174899136553,-0.01310220862430213,0.4427835462371749,-0.8950177376652917,0.05372132208104021,-1.5483284789720093,1.0000000000000002
53.label,-22.205354673672566,153.21733556876845,57.02964606538283,-0.24238927255827625,0.09677157528564037,0.9653407184851395,-0.6182089640842817,-0.7822518489843254,-0.0768096444884584,0.7477065716405794,-0.6154001194160916,0.249434511942817,1.2046021239364928,1.0
54.label,-35.422835836855874,150.5990699854066,147.93389388866086,0.1618422280228723,0.04861440660940335,0.9856184518862298,-0.9063432277440671,-0.3877305719100909,0.16794926950939698,0.3903191601126684,-0.9204898929788906,-0.018689841429282456,-1.2165573277907322,1.0000000000000002
55.label,-20.35094572368421,163.70486567982456,60.905263145973805,-0.43101870660390573,-0.16946974086943525,0.8862860043389734,-0.6529833737952926,-0.6193028023305629,-0.43597792670320945,0.6227644724166701,-0.7666446673362819,0.1562701697075557,1.0311020382860978,1.0
56.label,-28.595096442885772,145.9721630761523,-223.06902586912105,-0.343377425798155,0.17849238269560805,0.9220804806370629,-0.6327210603272347,-0.7695152525159067,-0.08666219454733388,0.6940864523030343,-0.6131775806934112,0.37717005616082905,0.7827207209282051,0.9999999999999999
57.label,-33.20198853252924,179.4056808144493,201.7657864219264,0.8742403642930324,0.47292155967852856,0.10976786338457044,-0.40746203936881376,0.8376576416205993,-0.36373666560854573,-0.26396680078031226,0.27326703757651355,0.9250117049313287,-1.6364536289009526,1.0
58.label,-35.929313497340424,153.90172041223406,55.02092179508074,-0.15357136752856237,0.14692246058853323,0.9771538392955421,-0.7639789144814335,-0.6448270869674021,-0.0231137651823547,0.6266993324579002,-0.7500745419541617,0.21127263951841196,1.4571122605823885,1.0
59.label,-27.965641460696922,173.72504938209076,133.12584783965224,-0.4552217408040624,-0.6899999326691266,-0.5627372918297843,0.8458093768152636,-0.13766040670377427,-0.5154183839537808,0.2781720057638702,-0.7105981320991156,0.6462744230329351,-1.0335784245430495,1.0000000000000002
60.label,-38.62939453125,183.16131591796875,-219.48038552024147,0.2872270019882551,-0.48136682087799315,0.8281223539348839,0.5066600470515761,-0.6573552639619175,-0.5578347906533373,0.8128937483155678,0.5798017253332141,0.05507915440613197,-0.7773349699915892,1.0000000000000002
61.label,-28.07532308703271,182.11051584404206,-195.39952050324914,-0.1956863546490357,-0.07705031725928305,0.9776349519193837,-0.8339888467181164,-0.5113855760639066,-0.20723753555659866,0.5159161309301716,-0.8558902039420887,0.035812073969708626,-1.4936656929529981,0.9999999999999998
62.label,-31.114557791631885,174.20761653537144,442.49842623040354,-0.6530225840492381,0.22475595905014306,0.7232193744591652,-0.6847688883021813,-0.5831395711743975,-0.4370810109624239,0.3235012740856679,-0.780661898264537,0.5347091978477267,0.6192272953978487,1.0
63.label,-23.876569393382354,145.16439568014707,-153.14882658116957,-0.1995763206507725,0.17621584841380586,0.9639072917056405,-0.7607247095949482,-0.647898163590079,-0.039062588601947244,0.6176303169754395,-0.7410640622674978,0.2633568817563201,1.3503709876132182,1.0000000000000002
64.label,-8.598195043103448,163.0940530711207,55.307758668373374,-0.5324041501636804,-0.7072490412150557,-0.4651286000547309,0.6977980756123051,-0.0556352968590243,-0.7141306318980946,0.47919063697056197,-0.7047719542119938,0.5231374828818467,-2.9934776803067495,1.0
66.label,-30.16646205357143,174.72061941964284,-217.9275388133769,-0.6297599121075201,-0.13653095200150295,0.7646971637503909,-0.5766802803683052,-0.5773653225288531,-0.5780044451174113,0.5204251217386242,-0.8049898033433199,0.28486682709052213,0.4200912207392826,1.0000000000000004
67.label,-34.23625300480769,185.17835346899867,328.1701713582249,-0.5945015570771668,0.08296069448483626,0.7998033644611767,-0.7431405907255667,-0.43656809729724955,-0.5070999495546368,0.30709926904647644,-0.8958380543339588,0.3211918731198954,-2.005427122796501,1.0000000000000002
68.label,-54.193326977191944,178.07076606931278,253.63009173497204,0.2150844588262036,-0.4117248704780368,0.885562706193798,0.35018552582463713,-0.8139691153739039,-0.4634915066323725,0.91165167310457,0.4098010617937295,-0.03089201641800783,0.15518316512435557,1.0
69.label,-31.881026396160557,195.526532504363,-231.27337348232302,-0.13459709573528245,-0.25800738809109863,0.9567213855193353,-0.9352389282148491,-0.2859638203635723,-0.20869317333015688,0.3274320829899958,-0.9228525782233475,-0.20280865340352883,0.7555205433758733,1.0000000000000002
70.label,-19.14497637294194,184.29019477090554,168.23162606436003,-0.8004545777132759,-0.43968029009278664,-0.4073741664879896,0.5070690846400655,-0.13431948465283583,-0.851374899468432,0.3196144746724519,-0.8880537813367609,0.3304649285980783,-0.6086177987323645,1.0000000000000002
71.label,-24.59800922439759,188.88330666415663,146.37318971932652,-0.4750088877753598,0.2645643352034089,0.8392688896133312,-0.47746527988672044,-0.8786248034983942,0.006735070905631575,0.7391843227755249,-0.3975225367394741,0.5436748750375561,-3.0973184878742512,1.0
72.label,-23.253563818993506,183.49955610795453,-261.75907870205964,-0.6694864262719293,0.24707179291052547,0.7005308374266039,-0.7239249106125835,-0.42838978873525024,-0.5407540223631542,0.1664951916188679,-0.8691592017894916,0.4656625743093924,0.5958525690772537,1.0
73.label,-42.38236977035597,178.95807174457855,-1131.4289358985013,-0.002165375728379867,0.02386450629756296,0.9997128570180182,0.15815726726282228,-0.9871244878818498,0.023906573070013145,0.9874115605763948,0.15816362022655292,-0.0016368496936502027,-0.1836312120897484,1.0
74.label,-68.14671325683594,175.92293548583984,-1084.519775390625,0.74230864433112,-0.4769856069981049,-0.4705981377650617,-0.6633812244142064,-0.42425154725543984,-0.6163894675820423,0.09435691625950306,0.7697371988984388,-0.631348886896922,-0.07947792081147684,1.0
76.label,-30.90644279774678,202.304997652897,-205.5907603251576,0.026879833918205944,-0.06963572369675214,0.9972102789852095,-0.5628168523253342,-0.8254896613400516,-0.04247363604979155,0.8261444578686786,-0.5601050660420032,-0.06138118381841936,1.3408436484745472,1.0000000000000004
77.label,-36.64721405372191,158.23698648174158,37.98862435844507,0.11984867553189797,-0.31941136822450245,0.9400067408387035,-0.8523532816875844,-0.518586625740846,-0.06754106009776159,0.5090483063223523,-0.7931231237655822,-0.33440324815807243,1.4914054923565394,1.0000000000000002
78.label,-61.76279216167355,179.50009523502067,-198.54998779296875,0.5359147689901904,-0.8223906938275287,-0.1909683405281277,0.09738229853095863,0.28489600214983524,-0.9535989491876911,0.8386370182093194,0.4924508246159378,0.2327662712337523,-1.927097669825744,1.0000000000000002
79.label,-26.093406210140305,187.12015206473214,50.75357123783657,-0.5442406300145604,0.35176423088029546,0.7616193685263978,-0.7978907998667385,-0.49750557055394445,-0.3403799035721858,0.25917640349648124,-0.7929376603119495,0.5514321886956189,0.810941132556616,1.0000000000000002
81.label,-5.756607167368228,163.36378025484993,-159.04121827869778,-0.15156290761458133,0.39405610359966436,0.9065034320129542,-0.8278123410575795,-0.551757378493059,0.10144221641524441,0.5401438817835336,-0.7350398509566118,0.4098304582110732,0.822891900657897,1.0000000000000002
82.label,-15.996124109455959,139.1888965349741,170.9499969482422,-0.3869431376958365,0.2388603470802241,0.8906294082180398,-0.6685896320642019,-0.7378446975682976,-0.09259106958342427,0.6350298513348457,-0.6312930673332808,0.4452034939784072,-0.8880074593490435,1.0000000000000002
83.label,-33.05342895136778,181.8229958206687,-151.48313375084595,0.6593471992640828,-0.4841479238368625,0.5752061010342865,0.7096013117748655,0.6535558821636315,-0.2633072107191671,-0.24844969138640602,0.5817778757685559,0.7744722423148724,1.0157609076231318,1.0000000000000004
84.label,-37.490422758453434,221.37068450318736,-148.10321812936314,0.8702562286317334,-0.21958975607965264,0.4409472026813989,0.48269211012095437,0.5587633394926952,-0.6743825748534369,-0.09829762639378649,0.7997273719611264,0.5922615192476192,-0.9962411448078263,1.0
85.label,-12.969451647846638,135.13432658219537,158.8092406457212,0.2188217426447896,0.27972142163045155,0.9348117303644283,-0.9331764354604237,-0.21995552895755624,0.2842557045731528,0.2851294184178042,-0.9345456069994877,0.2128983870081781,1.196197942054469,1.0000000000000002
86.label,-21.146841397849464,151.29653897849462,-193.05645161290323,-0.3243281339794432,0.1450000162621428,0.9347653485198254,-0.6978609703760243,-0.7037836653724014,-0.13296096562834314,0.6385932410660531,-0.6954592350662734,0.32944669496868206,0.3272800739022408,1.0
87.label,-49.25255589978448,164.29378704202585,180.34913487927668,0.9842083625300921,0.08433906553365855,0.15563039918583998,0.031887544518696895,0.780342085065618,-0.6245393620741707,-0.17411801638659566,0.619639534165109,0.7653298400488799,-1.348866489568711,1.0
88.label,-12.349269278606965,178.082813471704,101.26716494204393,-0.44242117884579146,-0.027354116030090886,0.896390123129942,-0.4871673557644686,-0.8318665384344778,-0.2658308291197531,0.752948516159077,-0.5543011948113156,0.3547093422008957,0.8602339648488994,1.0
89.label,-23.12501262796336,160.88776266163794,-127.85711512072334,-0.3389690068249737,0.3962283823594381,0.8532895648166067,-0.8137164149043998,-0.5786988412066735,-0.054527491242344094,0.47219234272404453,-0.7128188551089796,0.518578510231481,-1.620326681196768,1.0000000000000002
90.label,-49.15017685777559,187.51283679872049,88.42401651097094,0.4275640635191333,0.04064703975940079,0.9030707556696786,0.1499250232961693,-0.9883422257831826,-0.02649777582340383,0.8914659045508413,0.14672240078713936,-0.42867362658625074,0.5472039533747413,1.0
91.label,-10.87279088288835,178.88991391080097,65.2334949548962,-0.07161813231287387,0.07105033992205961,0.9948983326556415,-0.8365676942627489,-0.5474561713071953,-0.021124237585645023,0.5431623477745154,-0.8338126826180007,0.09864620755736,-1.4645675438922496,1.0
92.label,-22.892745626011326,153.06367250707927,121.86585836811744,-0.25190741368192066,0.24198393749455663,0.9370093003416329,-0.9085125222516898,-0.39268738198200126,-0.1428342288948797,0.33338813992696065,-0.8872656840128285,0.31876630017818525,1.3411870153264989,1.0000000000000002
93.label,-16.454790020354405,169.31263469827587,167.00267894057936,-0.34421260202294246,0.24788600775170272,0.9055772809481907,-0.7927902184218217,-0.5934579769342061,-0.138893121456175,0.5029923997271487,-0.765741573100274,0.4007973166609802,1.439037158549626,1.0000000000000002
94.label,-14.63504855432243,185.93128468165887,-259.23877283969773,-0.3527770418004052,0.5125265499299954,0.7828568798927498,-0.9255773652526083,-0.3139152274412235,-0.21157450440108497,0.13731314471162243,-0.7992332360440104,0.5851250590190307,0.5908222693841598,1.0
95.label,-40.17352400519031,173.23923077962803,129.95951633387372,0.14231046833514363,0.3361136189560091,0.9310077151960272,-0.9804396481543128,0.17706505940757752,0.08594219606246234,-0.13596259386051646,-0.9250273508871432,0.3547373298391846,1.422678716482949,1.0000000000000004
96.label,-33.01453642003676,161.3578125,-242.2132230870864,-0.7187304668674118,-0.029550872804166746,0.6946605371784583,-0.6949988175405074,0.059386755763800474,-0.7165541548669905,-0.020078834972395907,-0.9977975541944181,-0.0632208923520431,0.3492615120449371,0.9999999999999999
98.label,-17.902885465801887,162.9024211379717,-218.34432741561025,0.7127577410509907,0.46431501649245144,0.5257261340579367,0.20322592569607098,0.58067019400481,-0.7883662530317945,-0.6713237860353707,0.6687553298883163,0.3195163267332439,-1.0871587116064927,0.9999999999999999
99.label,-27.34514593607739,194.03461980747343,162.18823670545007,-0.859530550946342,-0.10143197217723902,0.5009179443882139,-0.1742702198919707,-0.8632036550871474,-0.4738241660183591,0.4804551201191242,-0.4945614267858191,0.7242733411405482,0.6269129872513146,1.0000000000000002
100.label,-34.75423058280109,175.41679259808393,74.12518324469127,-0.279514976235512,0.011352791761008937,0.9600742118082811,-0.7839266134520599,-0.5800459062405214,-0.22137256238115155,0.5543739196441746,-0.8145046720386836,0.17103127329675957,-1.5983086958919905,1.0000000000000002
101.label,-54.63728734905352,187.5073662899804,220.13537553832052,0.9912409138977177,0.07327204934766919,0.1098756451612918,0.04926996111212734,0.5667370814694586,-0.8224241918982502,-0.12253130843676989,0.8206340763530803,0.5581628715535458,-1.5991770042185778,1.0000000000000002
102.label,-37.289599441580755,187.88490657216494,-67.99759755347603,-0.01377686373327975,-0.05076032589904101,0.9986158357147646,-0.5549390285873983,-0.8303951525972971,-0.04986546995052191,0.8317769367902367,-0.5548578915880488,-0.01672864508308449,1.0465626766619422,1.0
103.label,-11.960844775883839,159.5348544034091,93.92373813667683,-0.6687235588328059,0.009437594886597518,0.7434512315308538,-0.3689780999711136,-0.8723139381132625,-0.3208170118853399,0.6454951305809313,-0.48885511675351,0.5868191469441147,-0.1350786371119224,1.0000000000000002
104.label,-50.74140794468546,173.47886727223428,-237.8178836714937,0.039397478462608305,0.5307973111657371,-0.8465825731433481,-0.10607448221989871,0.8446746178345451,0.5246646492835645,0.9935773965386737,0.06913034388232898,0.08958210000966842,-2.411089708671905,1.0000000000000002
105.label,-24.682403564453125,160.94575670030383,112.62361187405057,-0.7020545869341408,0.3116111998073384,0.6403263364249231,-0.5176781019766961,-0.8407805389447351,-0.15842180426193286,0.48900791373815056,-0.4427036768386182,0.7515881284420542,1.3650230490282214,1.0
106.label,-4.024524456521739,138.24267153532608,58.40108676578688,-0.3878194544119688,-0.11932026294358064,0.913979619920859,-0.7952306409740381,-0.4580562499538706,-0.3972312922394433,0.4660518194746413,-0.8808786220185344,0.08275599576528814,1.1185890574847162,1.0
107.label,-31.04717113672426,169.0291467405677,-1124.365281550269,-0.480375131610857,0.054634900161468936,0.8753597892376587,-0.6514209894255373,-0.6905162148390906,-0.3143851961847904,0.5872737244809323,-0.7212505700022991,0.36729713830310845,-0.7925456727685287,1.0000000000000002
108.label,-55.865590631706006,198.74782473846565,156.05407420146108,0.1663978371243885,0.4217795389619276,-0.8912989287065196,-0.2478509056533448,0.8927710134651883,0.3762045269307075,0.9544012198059799,0.15830962709009339,0.2530936064057196,2.5591287228036084,1.0000000000000002
109.label,-42.77619963171577,158.9073467287695,-195.53527168260703,0.264797334703161,-0.1896125502289096,0.9454784251001138,0.5017647221029594,-0.810195785525358,-0.30300982289339745,0.8234771005844923,0.5546439127157509,-0.11939679602200642,-0.5999613435724106,1.0000000000000002
110.label,-68.65834595556973,188.81643614477042,299.8709153155891,0.06395368993037297,-0.22555590634433945,0.972128828220557,0.36450747530974714,-0.9015386609129616,-0.23315733598276064,0.9290017362672709,0.3692594968209314,0.024560089982505744,-0.19448492876226317,1.0
111.label,-21.978368527719667,165.8362888990586,30.22405934034531,-0.595748162969125,-0.009510324655008645,0.8031149855679878,-0.5249792525102297,-0.7521477406674305,-0.39833473441652073,0.6078494145367859,-0.6589258910786827,0.4430979116554837,0.4443468128090884,1.0
112.label,-15.404420882936508,147.31379174933863,140.5117253433039,-0.8561259402447549,-0.43675029544130384,0.2762201185141454,-0.20667327262261742,-0.20052894201181787,-0.9576399645999943,0.4736396655934677,-0.8769477309666495,0.08141341614840421,0.038658312258491936,1.0000000000000002
113.label,-12.723739735401459,192.9609774178832,7.551460616954052,0.005403695966340254,0.4232830349045811,0.9059813863605977,-0.9994194574890144,-0.028190704725132503,0.019131966952320424,0.033638490784630125,-0.9055588089843021,0.42288496711122847,1.2547762370291242,1.0000000000000002
114.label,-32.926556694532906,181.46338823646497,106.55934258884179,-0.892805679479836,-0.240938665563502,0.3805871491853441,0.27112856204670577,-0.9621668827085149,0.026910827959480542,0.3597044919528168,0.12721418653380642,0.9243534114252556,-1.9093335530719246,1.0000000000000004
115.label,-38.66947490985577,213.94548903245192,-32.76442612868089,0.8182802260726417,-0.39204454490609325,0.4203790508908366,0.5604557370107429,0.3816802623030554,-0.7349894857887532,0.12769823205609127,0.8370312133831361,0.5320450256811952,-1.2775296217543781,1.0
116.label,-40.42787465469613,180.04881733425415,-162.51409144954786,0.29533239007534595,0.3242679590007745,0.8986818514568189,0.26644479554710554,-0.9312740939948305,0.2484667639342716,0.9174889374255392,0.16606881892631117,-0.3614349140331842,1.2269862401532452,1.0000000000000004
117.label,-92.13314596036585,154.10951791158536,-266.99510974418826,0.6309546575244499,-0.0029678988043798575,0.7758140316628022,-0.21051958047118385,0.9618184056265005,0.17489099701337826,-0.7467112737775164,-0.2736723335939965,0.606239001911602,-0.0895553997669308,1.0000000000000002
118.label,-19.360041920731707,199.1382431402439,96.57195198245165,-0.3672834613218134,0.3140840936979159,0.8754736096110646,-0.9265256572311572,-0.04100423610224453,-0.373990453239175,-0.08156632596752274,-0.9485092697004233,0.3060671491038031,0.7925384534748144,1.0
119.label,-46.644551288902186,179.4591567095588,116.24411840999828,-0.44738164770792727,0.1693601624075628,0.8781610311801726,-0.7508211507847271,-0.6046183801252893,-0.26590263998119534,0.4859189858694948,-0.7783018372096748,0.3976543591708844,0.29427681121504706,1.0
120.label,-17.625462400618375,159.8338981062279,-147.47756488921365,-0.7366828472861479,-0.5792139504201376,0.34901229513166543,-0.04224067316554382,-0.4756864869589189,-0.8786000749232861,0.6749178528123967,-0.6619921191097222,0.3259636884558209,-0.6583192850147515,1.0000000000000002
121.label,-10.118379906502696,177.09602162651618,-273.64971825118977,-0.444280483807404,0.25451220755988835,0.8589751963304012,-0.867926769303889,-0.35994706803147036,-0.34225901206726733,0.22207650671237786,-0.8975865665319086,0.380815415585933,0.8014294771675662,1.0
122.label,-29.475029912725226,159.62015589808559,-229.3833211263021,0.24036202743476345,-0.10564391727900455,0.9649173324743405,-0.773415027159858,-0.6215315641909765,0.12461023424115118,0.5865622656894718,-0.7762331334439835,-0.23109918003525803,1.2894075327182652,1.0000000000000002
123.label,-4.282472754726891,220.7128495929622,-1119.6445866432512,-0.3843591222376762,-0.7995679222687779,0.46147502947773084,0.6962972687930737,-0.5792986824526164,-0.42377252150177064,0.6061667910930035,0.15844296824867987,0.7793956935912327,-0.7567849545895636,0.9999999999999998
124.label,-23.100611733490567,168.3143720518868,-3.7886784823435655,-0.4252979516334626,0.0714462344758311,0.9022289553741918,-0.8951071537373214,-0.1805897578186085,-0.40764018778732763,0.13380895210953622,-0.98096012913382,0.14075648967314772,-1.3794450259623405,1.0
125.label,-17.903401422342192,178.40876764950167,86.75149577955075,-0.1866338927900878,0.15751873690665183,0.9697193602199303,-0.7639752271888529,-0.6438476220911928,-0.0424510514505507,0.6176646681685449,-0.7487643735186988,0.24050420088928107,1.076260561984033,1.0
126.label,-40.881510416666664,172.08051215277777,-221.06243990024845,0.8194028785421819,0.5680044843791373,0.07713513053062669,-0.546476882732961,0.8146931484158096,-0.19400538797363678,-0.1730373927082007,0.11681600767671385,0.9779632309423612,-1.953755640699614,1.0000000000000002
127.label,-40.96151455965909,185.93989701704547,-202.6084293514103,0.4971380853127112,-0.8195310243923174,0.28499583188196015,0.39522203629223557,-0.07852639273939656,-0.9152230043395745,0.7724333409172797,0.5676288450227113,0.28485825973201584,-1.350183150440456,1.0
128.label,-17.076372663551403,167.85030300817758,-236.0242868583893,-0.05435388134517289,-0.3906977444786278,0.918912905580299,-0.9963882405960678,-0.0389046744617826,-0.07547781334203622,0.06523901888124474,-0.919696525362761,-0.38717201816644375,-1.6436062262682105,1.0000000000000002
129.label,-38.64243309096535,161.0288656404703,174.47573952249962,-0.18990470223858463,0.13488156747950503,0.9724932734070434,-0.7736563910607855,-0.6304010411996492,-0.06364209161552795,0.6044766270406785,-0.7644615686930704,0.22406810873672872,1.218374974764339,1.0000000000000004
131.label,-22.318209134615383,181.81790865384616,-186.98077228252706,-0.5718913720334898,0.17413006686034943,0.8016351903508622,-0.7759231913121427,-0.4319790128855883,-0.45971440439730915,0.2662394782477469,-0.8849140366394936,0.3821566275504908,0.09807055068344335,1.0000000000000002
132.label,-16.658815079737337,155.0156103424015,108.04099513442164,-0.6660806121400711,-0.7195423611180849,-0.19645714211430426,0.585699283564396,-0.34148192161522223,-0.7350826119846181,0.4618365158400337,-0.6046890835516934,0.6488899327853311,2.9125781455588435,1.0000000000000002
133.label,-33.54024068671454,164.91352951077198,52.84587149902563,-0.1681502383312186,0.11338869280890324,0.9792183115588895,-0.5695827514240178,-0.8219297770918176,-0.002632643166201985,0.8045501765765762,-0.5581885397183314,0.20279193153998237,1.4645933913754572,1.0
134.label,-45.30422704825129,168.28232776068654,401.3308412225753,0.5572190170293423,-0.021446419720090575,0.8300885604211415,-0.7631900533449587,-0.4071173272628088,0.501793208720192,0.32718176834318347,-0.9131240512239159,-0.2432212111232297,1.64022188035954,0.9999999999999999
135.label,-6.0741013948497855,180.81142703862662,-271.30857148395586,-0.414861907882852,0.4124061542396882,0.8110553380214144,-0.9020665624002167,-0.3030198518596915,-0.30733513690820796,0.11901896650221881,-0.8591275419424995,0.4977291957365797,0.8167987716503712,1.0000000000000002
136.label,-40.91298811821786,175.94813784693238,-186.4932417829765,0.9065237921845561,-0.12058874276281424,0.4045651607865113,0.34808030371485715,0.7557511495858071,-0.554689374393907,-0.23886129106471957,0.6436602791990624,0.7270809642758367,-0.9111018855551264,1.0000000000000002
137.label,-28.579783313679247,180.67651090801886,-282.1792330759876,-0.368488745625347,-0.10407811688065438,0.9237877407359524,-0.5861937046243204,-0.7452431135121346,-0.31778867572894215,0.7215212990662669,-0.6586201085218372,0.21360376317942073,0.5592970216651718,1.0
138.label,-24.688878676470587,187.6370962447479,-245.87456762490152,-0.6551325200944039,0.3321764528207808,0.678572166616167,-0.6596092221481695,-0.689431571410299,-0.2993322274660927,0.36839795761084543,-0.6436947355184206,0.6707756944717276,0.9364603899193695,1.0000000000000002
139.label,-12.168835409967846,182.26961917202573,-237.60063087978548,-0.43218548458893974,-0.86945710437023,-0.23929072395468678,0.6498907446164984,-0.11633577448428009,-0.7510712400544678,0.625186153855343,-0.4801149146144884,0.6153307580417916,-1.2411769143021658,1.0
140.label,-37.08591842651367,202.91701889038086,150.4089813232422,0.9026848101261882,-0.2197495961234356,0.3699597931816845,0.42664285929325596,0.5689594725734898,-0.703036975686892,-0.05600003733501241,0.792461502896187,0.6073456694881374,-1.3259475118675224,1.0000000000000002
141.label,-9.477887103642558,158.63638913456498,160.37871812224637,-0.36699803159671207,0.04439085291260089,0.9291619325940071,-0.693196759707335,-0.6791375775553926,-0.24135120278018998,0.6203149983156864,-0.7326674572613998,0.2800137495458484,-1.6528996186342115,1.0
142.label,-32.1729423273451,184.44614787274097,106.36307784325079,-0.279252971645447,-0.3498905838951359,0.8942004009888992,-0.7643890373315823,-0.482606078290038,-0.4275520702847862,0.58114299224415,-0.802912169853609,-0.1326833450983398,-1.9521515393851787,1.0000000000000002
143.label,-31.075879301619434,163.3315726214575,-131.11984110843798,0.718061456023424,-0.20491004038352273,0.6651312808187144,0.44055472530064776,0.8736622212674718,-0.20646030404234614,-0.538794282995645,0.4412779152416426,0.717617253228487,-2.0135752662900717,1.0000000000000002
144.label,-26.396525930851062,160.72163516337386,-208.0971155137639,-0.41749297274708086,-0.8665685766215134,0.27342004264312714,0.5401851491613271,0.005270881756014893,0.8415296919485782,-0.7306843520511166,0.4990301792654212,0.46590691972749415,-0.38665345811993024,1.0
145.label,-28.01150344488189,194.54850901205708,37.52381870690293,-0.43694896484272366,-0.31903653003992566,0.8410061204432201,0.714891856557349,0.4442677366575639,0.5399590832583079,-0.5458985579307378,0.8371629893068907,0.03395428962431462,-0.0321980399085395,1.0000000000000002
146.label,-31.69874741226341,173.05494935429812,153.03517044981947,-0.4360635261005238,-0.04686731583799927,0.8986946399700617,-0.5179085499318719,-0.8036167299124393,-0.29320792163975273,0.7359479160322717,-0.593298918009277,0.32615496129413335,1.119515973700941,1.0
147.label,-45.23305679179567,164.8537272639319,-246.17460079606474,-0.09936343791208725,0.09063375336210298,0.990914945874664,0.30756019497339104,-0.9442821583628439,0.11720892400128426,0.9463263885542982,0.31641227559800306,0.06595178675875957,-0.7065368877874932,1.0000000000000002
148.label,-26.65281508773659,167.83323269913248,107.31672000584166,0.016867915365375324,-0.12775299336427023,0.9916625666615106,-0.8470642145553942,-0.5287696004307356,-0.053711507891451744,0.5312228250469663,-0.839095871963859,-0.11713422984905503,1.395580629168614,0.9999999999999998
150.label,-27.41759107389503,175.48636049723757,36.382320251254086,0.8460011702398227,-0.5096201250215252,0.1567461263505274,0.5157142944799683,0.8567580952189898,0.0020815248634478557,-0.13535429960617867,0.07907524549297001,0.987636734395976,1.5937373718336276,1.0000000000000002
151.label,-19.95281311354712,201.34063965695898,151.52591317860868,0.20249040683053068,0.09471502773742226,0.9746931305094468,-0.7788657716471526,-0.5877428403751072,0.21892113498766336,0.5936040303923917,-0.8034845469008727,-0.045241993693998235,1.5777208342096862,0.9999999999999999
152.label,-51.77812008885397,189.14125778227756,342.0467240058707,0.7860767039863702,0.4880020896188165,-0.3793907958524993,-0.5452938130945184,0.2584216968127018,-0.7974163805799857,-0.2910980467999823,0.8337098938744296,0.4692437959154312,-1.840494655335831,1.0
153.label,0.6831313232791225,173.47652261015506,-242.81625103048765,-0.48701343736355546,-0.283954186026671,0.8259466883917297,-0.41644539150927906,-0.7557560231784305,-0.5053771555187343,0.7677181434081245,-0.5900871576872813,0.24981192648576256,0.4870130398675332,0.9999999999999998
154.label,-16.2223483682266,171.1913485221675,138.133494485188,-0.2905594789413326,-0.11491325412913808,0.9499316466055825,-0.6923210260833997,-0.6600425168715447,-0.2916084236861228,0.6605049477787203,-0.7423872439282135,0.11222474777205442,1.1750105513746592,0.9999999999999999
155.label,-26.32059886043233,178.90588042371553,-193.21416345276032,-0.496593325254623,0.33583221040208056,0.8003822810188949,-0.860055014395995,-0.3147312579557707,-0.40155897135773616,0.11704888519273166,-0.8877842990963689,0.4451276185018268,-0.32224244668903446,1.0000000000000002
156.label,-19.120566637584602,172.82716165662015,-109.81227039524343,-0.5688772705935865,0.07911171369662334,0.8186085680946511,-0.7487664065127033,-0.46154399914586247,-0.4757373280818915,0.34018747695946217,-0.8835827485914535,0.3217980840706293,0.3569713040464619,0.9999999999999999
157.label,-35.250625,173.0891015625,-198.26123779296876,-0.13162544865522438,0.6581231043205643,-0.7413155339164117,-0.8560956221124904,-0.4524903909640644,-0.24970529006213762,-0.4997749764305322,0.6017694123538117,0.6229755591427398,-2.077053591082282,1.0
158.label,-48.57113390771028,154.03313011098132,123.25607552929459,0.1351655557477432,0.9724425571629675,-0.18996248460617834,-0.36955735998123734,0.22736598280016027,0.9009617458854817,0.9193245510825336,-0.05157696078353241,0.3901053535818652,1.8077558685368567,1.0
159.label,-46.05642755681818,199.59007203733765,174.10324370148894,0.8140805386092433,-0.24152298416348042,0.5281472567177183,0.5589447402405178,0.5727169143341748,-0.5996466571181743,-0.15765041711059422,0.7833658048168229,0.6012356957371603,0.023969474477873513,0.9999999999999999
160.label,-52.79467828300562,171.563555565309,146.93426661116354,0.27955320574535764,-0.4570764548022534,0.8443524854128739,0.5553263416513119,-0.6404202337592587,-0.5305417782417392,0.7832385712065413,0.6172058316778448,0.07479506612869453,0.6676906864831129,1.0000000000000002
161.label,-36.473181460084035,211.9070460215336,146.37541711630942,0.7344408398572184,-0.49560164730345674,0.4636546774701229,0.6696444493650654,0.4181280635145616,-0.6137957591382667,0.1103311569067496,0.761280454032325,0.6389672183484496,-0.8201583409138308,1.0
162.label,-11.528558256662437,163.7594334946066,152.2279157299681,-0.6377554239399689,-0.7657620441221057,0.08292473103414327,0.1323503008379943,-0.21500844519261578,-0.9676025869973407,0.7587828524045882,-0.606118684976621,0.23847163902436838,-3.046755932122005,0.9999999999999999
163.label,-31.645212273848685,224.57921720805922,73.15504390733284,0.8583516398758373,-0.18825697389530127,0.47727536506952123,0.5010659140678854,0.5075726138847848,-0.7009300902326007,-0.11029692689180197,0.8407909094501148,0.5300049381885734,-0.3091419596002406,1.0
164.label,-23.028181844682837,191.39650259444963,188.8221984407795,-0.46057733640463633,-0.8219255149269528,0.33512231364454664,0.7305731768335006,-0.5654572516900489,-0.38278052432502807,0.5041144220133137,0.06853133898589772,0.8609135293947836,-0.954450380889723,1.0
166.label,-35.53170917839404,167.5670422012969,-179.21115095462756,-0.6790542620475097,0.17050857266354114,0.7140112995207808,-0.5401067091770433,-0.7747758225546467,-0.3286444393059395,0.4971619976396597,-0.6088097005083054,0.618207648504878,-0.05250786547279552,1.0000000000000002
167.label,-40.92397357047872,156.8377659574468,58.30283668869776,0.7163902466680294,-0.6526705024145736,0.2465891922952593,0.4703843978398434,0.1907849087068022,-0.8615913398349505,0.5152897561059876,0.7332273412030169,0.4436824690751107,-1.32315131040241,1.0000000000000004
168.label,-26.378718389805247,157.6496345265302,-16.026950587528876,-0.0695764646287444,0.11995801165265438,0.9903379175867734,-0.933890882618736,-0.3568567192348546,-0.02238529201360628,0.3507234450836776,-0.9264250414239017,0.13685652228285966,-1.5217609047537097,1.0000000000000002
169.label,-52.29002130681818,176.41981534090908,-185.73521506569602,0.3202295783050364,-0.4855308869832123,0.8134572975663035,0.46397961218063843,-0.668253675155963,-0.5815152148665184,0.825939426749494,0.5636459734849916,0.011281840048207425,-0.8318983034668161,1.0
170.label,-48.07343713897874,159.963632523683,98.80767174260673,0.9420853028383213,0.10594549268716799,0.3181993632226527,0.25467079895260203,0.39135233563084637,-0.8842997984604116,-0.2182156418244849,0.9141219294905657,0.3417060603612022,-0.8138919123961385,1.0
172.label,-33.63849577356557,176.12784964139345,-215.3729386126409,0.17457277849433772,0.13580101917139034,0.9752345503522619,-0.7786519708259865,-0.5871916175044317,0.22114952557339254,0.6026818840296879,-0.7979749917914352,0.0032340590416476142,1.4716221710840043,1.0
173.label,-49.65056557919381,159.3651675743078,-160.61026363807704,0.7202236339252415,0.6765797982303744,0.1533547969972429,-0.1456781349809491,0.36362339404509075,-0.9200847288655546,-0.6782741319879391,0.6403263261257299,0.360453045411373,-1.633331994700789,1.0
174.label,-56.395861395474135,210.22282462284483,-269.02843606883084,0.7925872659653288,-0.22550895681015934,0.5665254947731821,0.6019427996895115,0.4376488916576638,-0.6679283745528192,-0.09731542391398115,0.8704074666667401,0.4826184313090726,0.09397087300140881,0.9999999999999999
175.label,-18.8330078125,159.56087239583334,92.58803757275541,-0.5386338070585924,-0.09647547184125276,0.8369982707428819,-0.5745249214374704,-0.6845808051671587,-0.44863151454612865,0.6162748871573751,-0.7225244663882964,0.3133108024461847,0.6728729720830956,1.0
177.label,-26.787397596571182,189.74318101671008,-212.61596001519098,-0.2797302071389874,0.5287219977130021,0.8013763537491929,-0.8256838037448472,-0.5584031085816265,0.08020115061404719,0.48989515964889885,-0.6392487915207573,0.5927594074258388,0.8728214009694666,1.0000000000000002
178.label,-39.85542938759597,139.65584700395874,-170.6795615930246,0.33863589581491654,-0.025256683548916883,0.9405784549955091,-0.8860291152313841,-0.3449898884389879,0.3097327619693233,0.31666723390322515,-0.9382665275980833,-0.13920411689715073,-0.8946619282512855,1.0000000000000002
179.label,-11.658448868298686,199.13822098946937,-215.11563330719196,-0.7694847179536918,-0.5092148029513581,0.38547834347851123,0.0966943460456075,-0.6894981874896929,-0.7178039097770649,0.6313029956198053,-0.5150655627234633,0.5797965106982125,-0.4296051513361016,1.0000000000000004
180.label,-55.34919819078947,193.05894562879556,158.82246658386973,0.18686217380968162,-0.597003126334995,0.7801729264370576,0.31561656549685074,-0.7155761032638923,-0.6231669311040465,0.9303057086695171,0.3626818269281015,0.054709970142581464,-0.7023903536567958,1.0000000000000002
181.label,-13.832173766583749,183.48923999792703,-174.50439774495848,-0.4274096338875847,-0.24385132589774347,0.8705501339486391,-0.32962222414035885,-0.8546172536797245,-0.4012213093364916,0.8418255129258343,-0.4584385243092449,0.28489283110727437,-2.0662426185641163,1.0000000000000002
182.label,-53.14487010542169,201.44884224397592,44.9283140159515,0.337189975321292,-0.3918810284745477,0.8559977687263893,0.3749477519824733,-0.7781212670204438,-0.5039260631221496,0.8635491322594889,0.4908732558738863,-0.11543978015248467,-0.05983313214951699,0.9999999999999999
183.label,-28.852174322289155,188.74678401104418,165.60561943820204,-0.010057791395183563,-0.1812993842050635,0.983376516965458,-0.8480063747826311,-0.5195882008986782,-0.10446669237079738,0.5298905822528561,-0.8349602593978589,-0.14851712381402168,1.5049821460717636,1.0
184.label,-22.58766206781915,165.32182928856383,157.17340120356133,-0.41623542991776125,-0.05162696554267765,0.9077900215964216,-0.5648423517440697,-0.7676959390045652,-0.30264841468629494,0.7125315323249948,-0.6387312436892015,0.2903811525871486,1.0822537548053324,0.9999999999999999
185.label,-22.21106150793651,178.28534226190476,358.7853296673487,-0.046477162605560084,0.5296860994063397,0.8469194232344855,-0.9989191725495757,-0.024135634502499007,-0.03972351771976986,-0.0006000575034287462,-0.8478502858658828,0.5302353559393541,1.2318731017543865,1.0000000000000002
186.label,-19.970279659845133,167.51194776686947,71.88805386028459,-0.9149131820534134,-0.23597022474677495,0.32749339281557127,-0.18496751319464788,-0.4760460152245476,-0.8597483413484538,0.3587769339958819,-0.8471707292050324,0.39189394893354546,-2.3198102667206792,0.9999999999999999
187.label,-36.39739846380471,156.54581294718014,523.8237495807687,0.1393309552099287,-0.10362445776495896,0.9848090457917247,-0.6795779627948797,-0.7333577040909363,0.018980788551370274,0.7202504268682178,-0.6718991364806097,-0.17260032732518527,-1.302493920301642,1.0000000000000002
188.label,-26.953461021505376,191.53736839157705,346.79051399914596,-0.06941349874565889,-0.11035958959657952,0.9914648391022051,0.9836620084117981,-0.17305622733361642,0.04960438880102794,0.16610484459868796,0.9787095090807743,0.12056897376902365,-0.8626528400387632,1.0000000000000002
189.label,-31.90526447821101,136.12436389048165,58.13807320376055,-0.3099433701493843,0.37355827246194273,0.8742936145115615,-0.6718339153903777,-0.7367291844942857,0.07661134932645157,0.6727364249330318,-0.5636349224361757,0.4793134431441388,1.3480178475965185,1.0000000000000002
190.label,-24.235456350130402,141.42419342632266,66.00961232789405,-0.2479878572100863,0.22065977059963723,0.9432980909104318,-0.8121695708525635,-0.5781470290263723,-0.07827260701638822,0.5280933732376432,-0.7855286617730091,0.3225865940729601,-1.7466066036077708,1.0
191.label,-42.77948236731844,166.9780900837989,349.66649265395864,0.868930632539225,0.11704631171293475,0.48089470443058613,0.45716273136253954,0.18247555237886617,-0.8704624689423262,-0.18963594830127709,0.976218640314979,0.10504938559291623,-0.8298719709089537,1.0
192.label,-16.1358927495985,184.95312290885974,158.3600611880709,-0.4820899756435737,-0.11010818702189301,0.8691751506656931,-0.6817802544745026,-0.5759139187908796,-0.45110846007541744,0.5502408018246747,-0.8100613219341386,0.20257273931517789,0.9677827292495897,1.0
193.label,-25.766041543246445,178.63909304650474,104.32440834587784,-0.8890945096096876,-0.4365273733739495,-0.13767645142561463,0.2611763179002332,-0.2368094185675952,-0.9357928351113582,0.375896107920773,-0.8679661004745047,0.32455656591277976,-0.5206985514469834,1.0
194.label,-8.141998186860068,167.09464990401023,75.04044444894627,-0.046882646822316215,0.670589420127932,0.7403457618163407,-0.9988880445609485,-0.03516017469561726,-0.031407587436453145,0.004969090473993952,-0.7409950011490345,0.6714921566273159,1.4567704941166013,1.0000000000000002
195.label,-30.104623811141305,181.7316745923913,-126.46956826914912,0.019006538302260602,0.10877876744191878,0.9938842645175452,-0.9926501643986295,-0.11677631037705721,0.031763886004316434,0.11951737372088923,-0.9871831000825219,0.10575974796832274,1.0666805144617661,1.0000000000000002
196.label,-30.385310360674442,154.01395117583672,204.79786713079798,0.7158957551519842,0.4135948873184735,-0.5625233656830527,0.2990846669439359,0.5463517627698986,0.7823350390448195,0.6309054047592279,-0.7283124470323459,0.267431018663414,2.5499087036672083,0.9999999999999999
197.label,-18.9950380996919,182.26980289942782,-109.30352417851837,-0.3671991220234723,-0.6655554340997607,0.6497697814806951,-0.7281758037205498,-0.22894985481747002,-0.6460200947764634,0.578726881750902,-0.7103646444744689,-0.4005711774697962,0.7303285272932225,1.0
198.label,-30.399070202464788,184.19103763204225,43.01197259392537,-0.639974524610919,-0.2521402882242352,0.7258497660695551,-0.31793844542453426,-0.7730822021205931,-0.5488707076219362,0.699533953979404,-0.5820388164191236,0.41458782352038165,-2.1593797652985627,1.0
199.label,-29.347932798672566,150.64264726216814,-111.57212694556313,-0.022627283193663333,-0.46461637119315147,0.8852229288007522,0.9625077533993479,0.22928206138446103,0.14494330261668698,-0.2703087691907423,0.8553136056129355,0.4420088294955046,-1.3659616765217812,1.0000000000000002
200.label,-12.295107139268488,150.61844666901126,-196.71397493123243,-0.6973795514866141,0.06434474314222946,0.7138077578720265,-0.5630856104016607,-0.6653478292611554,-0.49014983571970894,0.44339187692933457,-0.7437553496462589,0.5002315697211172,0.06716614759483538,1.0000000000000002
