case_id,core_anatomy_pass,failed_checks,lad_inferior_displacement_mm,lad_initial_inferior_fraction,lad_length_mm,lad_source_array,lcx_inferior_displacement_mm,lcx_initial_horizontal_fraction,lcx_length_mm,lcx_source_array,lcx_to_lad_lateral_ratio,resolution_status,resolved,score_margin,statistics_eligible,winner_score
1.label,False,lcx_is_more_lateral_than_lad,9.110229386061913,0.4597123733389676,59.058343769160864,lcx,-32.35534446831218,0.5897545867699816,204.60975264942678,lad,2.656161553872504,resolved_swapped_assignment,True,0.5251156775342689,False,0.6708390133213902
2.label,True,,77.45363141471746,0.9839433042596708,164.1959455003199,lad,10.459759049844912,0.9648236711331659,56.91226030984418,lcx,0.6153632011769279,resolved_existing_assignment,True,0.5496354658429923,True,0.6683898857986832
3.label,False,lcx_is_more_lateral_than_lad,21.932820901411162,0.3665728857423506,58.61754195904256,lcx,-31.854927802969804,0.47169120833810996,119.41889533697915,lad,1.7482034300717655,resolved_swapped_assignment,True,0.854001593914345,False,0.854001593914345
4.label,False,lcx_is_not_apex_descending_branch,63.16800345561604,0.7760372036159455,116.85672099166263,lad,41.385776263943654,0.9750646856468291,106.29540378255959,lcx,1.097733978371826,resolved_existing_assignment,True,0.2765534358963896,False,0.5436919023971388
5.label,True,,67.71397662560796,0.9312442856139646,163.0536582315336,lad,8.038035992044124,0.8623979595006018,77.42985680225581,lcx,0.6322835932701499,resolved_existing_assignment,True,0.6515538132328577,True,0.7437467367497678
6.label,True,,54.125999257404764,0.9997361315847146,171.42077589537627,lad,8.609158102734941,0.9969484024590055,77.4817456313364,lcx,0.7736996498379841,resolved_existing_assignment,True,0.5082722734616583,True,0.6622224886679217
7.label,True,,44.28530872032651,0.8339902094799638,216.3792688682659,lad,0.30291032918224037,0.3573314017700611,81.13197199781521,lcx,0.5500474950138328,resolved_existing_assignment,True,0.43752732351115625,True,0.5891657164647631
8.label,False,lad_is_dominant_descending_branch;lcx_is_more_lateral_than_lad;lcx_is_not_apex_descending_branch;lmca_is_shorter_than_both_daughters,23.87478122559766,0.8465587134435023,75.99969505511118,lad,27.324777745742125,0.6518491201958152,49.13789222948118,lcx,0.5597675679183801,resolved_existing_assignment,True,0.7874468603229998,False,0.7874468603229998
9.label,False,lad_is_dominant_descending_branch;lcx_is_not_apex_descending_branch,40.960119877133224,0.3542313612289329,85.44224959912503,lcx,62.21263839573238,0.9593221419979945,178.94826971378077,lad,4.144182600214817,resolved_swapped_assignment,True,0.3570477613388579,False,0.6030677647864946
10.label,True,,65.3091811202681,0.9738035327324264,96.11571616248574,lad,-5.24505341737847,0.9485951326562672,73.07938668765051,lcx,1.5264171020030453,resolved_existing_assignment,True,0.23908440304921408,True,0.5378037504239173
11.label,False,lcx_is_more_lateral_than_lad;lmca_is_shorter_than_both_daughters,30.194383804618937,0.7659751699825013,51.89936859813113,lad,-6.725356756719227,0.12718565938281823,102.09662820192773,lcx,1.7946285181360846,resolved_existing_assignment,True,0.1793227449355077,False,0.5318390039299419
12.label,True,,16.485147298223616,0.5798778167246531,46.09263667915587,lcx,-29.715977285610172,0.4698373692926133,146.0145957803574,lad,3.5803167664202973,resolved_swapped_assignment,True,0.8494140408631399,False,0.8494140408631399
13.label,True,,57.11939719990576,-0.08633380972417475,142.0956745301379,lad,-0.5177044992437294,0.8662016908649901,45.933257408033285,lcx,0.5666032970889073,resolved_existing_assignment,True,0.3785815684520702,True,0.5915192997087724
14.label,False,lcx_is_more_lateral_than_lad,13.668850538212041,0.9871302746210023,86.09616992932642,,-60.36414190430388,0.9948112242219441,156.44734447315994,,0.9387346997994142,unresolved_manual_review,False,,False,
15.label,False,lcx_is_more_lateral_than_lad,11.788347533413795,-0.29375791551225255,85.1313951816995,,-1.0421150195892466,0.7821861755752334,165.086206113193,,1.587539823274218,unresolved_manual_review,False,,False,
16.label,False,lcx_has_horizontal_crown_course;lcx_is_more_lateral_than_lad,66.66266132995305,0.9506743741059785,164.13663994966078,lad,43.03689519527343,0.97025272476436,170.51457973971435,lcx,0.5981108861405895,resolved_existing_assignment,True,0.378005051949041,False,0.6256853770992457
17.label,False,lad_is_dominant_descending_branch;lcx_has_horizontal_crown_course;lcx_is_more_lateral_than_lad;lcx_is_not_apex_descending_branch;lmca_is_shorter_than_both_daughters,18.885460025654247,0.1445694552244606,38.72053867454539,lad,22.498801150619734,0.7149159842322456,35.76883233045269,lcx,0.585010783888994,resolved_existing_assignment,True,0.6794126093745441,False,0.7181416043594222
18.label,True,,73.06292089968824,0.9416678514548993,101.67985289073061,lcx,16.44637512021105,0.9309933405418312,107.50148846563494,lad,2.6304835772394073,resolved_swapped_assignment,True,0.3818995991691608,True,0.5966277217426652
19.label,False,lad_is_dominant_descending_branch;lcx_is_more_lateral_than_lad;lcx_is_not_apex_descending_branch,5.432971653714483,-0.23403153437596647,71.54255865002796,lcx,47.06680147314647,0.6940805745188032,140.0590921189808,lad,1.6851795725231165,resolved_swapped_assignment,True,0.3551551226722472,False,0.5954563840317827
20.label,False,lcx_is_not_apex_descending_branch,88.10313459276836,0.5238685122527845,182.97493763118484,lad,73.29148816711074,0.9410373149744974,143.6938239806401,lcx,1.5400828435368894,resolved_existing_assignment,True,0.45390279089987645,False,0.6194333738762157
21.label,False,lcx_has_horizontal_crown_course,80.76298342854406,0.8588840464200392,123.14034237932113,lad,46.3295425173754,0.7964892324201807,69.52954394268224,lcx,1.4464760517293154,resolved_existing_assignment,True,0.4133865133094784,False,0.5920229225219158
22.label,False,lcx_is_more_lateral_than_lad,41.54069746518057,0.6300388046673422,129.56206992350283,lad,3.358189751492425,0.9720183018346696,123.53967162576512,lcx,0.932924700377557,resolved_existing_assignment,True,0.2472020633434291,False,0.5315907713829657
23.label,False,lad_is_dominant_descending_branch;lcx_has_horizontal_crown_course;lcx_is_more_lateral_than_lad;lcx_is_not_apex_descending_branch,52.14933365499374,0.9773998654805272,162.4122339697883,lad,46.95184850514097,0.8756307322334981,70.44340284110667,lcx,0.3413911428085984,resolved_existing_assignment,True,0.5665937891919574,False,0.678558355424979
24.label,True,,48.97124215122454,0.6462530824888912,109.54794559279424,lad,21.40120279156842,0.912581215077697,71.67911192060521,lcx,0.7386389298422781,resolved_existing_assignment,True,0.5004739981844322,False,0.6563602406033144
25.label,False,lad_is_dominant_descending_branch;lcx_is_more_lateral_than_lad;lcx_is_not_apex_descending_branch;lmca_is_shorter_than_both_daughters,7.026313250748043,-0.24466368415660789,93.41003237242037,lad,50.63631756830719,0.29376277727853534,102.98515582319425,lcx,0.8410364236788531,resolved_existing_assignment,True,0.5344986539252119,False,0.712592373395596
26.label,True,,17.075159170227842,-0.8675592261587683,172.99043422300934,lad,-5.907966276773317,0.9370474009117558,143.72374607262216,lcx,0.9061841772277708,resolved_existing_assignment,True,0.21690981756759226,False,0.5210292607014191
27.label,False,lcx_is_more_lateral_than_lad;lmca_is_shorter_than_both_daughters,5.626137532851868,0.07898310551829754,37.625509074761595,lcx,-23.497657315859847,0.7310725156231885,73.35851535638542,lad,1.8548859939633888,resolved_swapped_assignment,True,0.21526613167792535,False,0.5159192077167714
28.label,True,,72.69479633202351,0.8903147040901183,154.7681012695902,lad,7.200954002388809,0.9823152806428654,61.19861834204369,lcx,0.65858935154207,resolved_existing_assignment,True,0.539681458387834,True,0.6795223806714522
29.label,True,,66.44294744660625,0.2809431043822526,99.31228429793785,lcx,38.54383851501364,0.9441095896865628,131.86974023016373,lad,4.506131275670558,resolved_swapped_assignment,True,0.2978103044250605,True,0.5510963564477916
30.label,False,lcx_has_horizontal_crown_course,72.01812735040268,0.02976150341983627,133.08804975908663,lad,41.08552111047776,0.9036966927704204,57.33778632766694,lcx,1.403528094656259,resolved_existing_assignment,True,0.3017236928030229,False,0.5446797145682929
31.label,False,lad_is_dominant_descending_branch;lcx_has_horizontal_crown_course;lcx_is_more_lateral_than_lad;lcx_is_not_apex_descending_branch,37.594129600793764,0.20937143949359774,58.64512927734469,lad,36.16301253416866,0.722144283512676,50.78061451740784,lcx,0.7498999623054879,resolved_existing_assignment,True,0.3092932253319032,False,0.5818850716940472
32.label,False,lad_is_dominant_descending_branch;lcx_has_horizontal_crown_course;lcx_is_more_lateral_than_lad;lcx_is_not_apex_descending_branch,50.82531303120679,0.9317165634138449,179.52840884843187,lad,41.81560004288363,0.9451793553294322,81.62714478979711,lcx,0.47957703530515217,resolved_existing_assignment,True,0.5825839940536001,False,0.7117945805620797
33.label,False,lad_is_dominant_descending_branch;lcx_has_horizontal_crown_course;lcx_is_more_lateral_than_lad;lcx_is_not_apex_descending_branch;lmca_is_shorter_than_both_daughters,18.31317373597561,0.6352166574819655,28.546779485938526,lad,45.2725598911947,0.7674421480102047,67.65107082928613,lcx,0.3703654637363615,resolved_existing_assignment,True,0.5579396236768236,False,0.7048416675174531
34.label,False,lcx_has_horizontal_crown_course;lcx_is_more_lateral_than_lad;lmca_is_shorter_than_both_daughters,31.432421894286712,0.7268279708678262,52.41007259738486,lad,18.13280557676991,0.8317333417604343,28.33266683919911,lcx,0.2838851076720421,resolved_existing_assignment,True,0.5664381550294537,False,0.7038496490197654
35.label,False,lcx_is_more_lateral_than_lad;lmca_is_shorter_than_both_daughters,1.3117544199464115,0.742995688670741,64.0005157192126,,-17.725252251890947,0.9933828564888162,72.82887482264928,,1.0114449777619858,unresolved_manual_review,False,,False,
36.label,False,lad_is_dominant_descending_branch;lcx_is_not_apex_descending_branch;lmca_is_shorter_than_both_daughters,14.04244505190504,-0.9390624484928903,150.73151549553032,lad,23.362357487713144,0.999999884910331,44.98487054098208,lcx,0.495852276405174,resolved_existing_assignment,True,0.43660894389971155,False,0.6351887858520665
37.label,True,,82.11893116161399,0.8519355691674902,154.24175729394148,lad,25.78424167280557,0.8334784623425645,117.2525551355044,lcx,1.1367184479372154,resolved_existing_assignment,True,0.3327048803045574,True,0.5706303005791218
38.label,False,lad_is_dominant_descending_branch;lcx_has_horizontal_crown_course;lcx_is_more_lateral_than_lad;lcx_is_not_apex_descending_branch;lmca_is_shorter_than_both_daughters,32.06380355876858,0.5934024477798283,52.5891589851281,lad,68.68968907370763,0.7433905972327034,106.18375267971521,lcx,0.9696120347031374,resolved_existing_assignment,True,0.6122181505223753,False,0.7482248609787466
39.label,False,lad_is_dominant_descending_branch,5.175930058331845,0.5745874174974814,280.5313615819791,lad,-0.9643678364471726,0.9727218657549642,93.87569031463373,lcx,0.8313113722578458,resolved_existing_assignment,True,0.3177474958377557,False,0.5262894525292002
40.label,False,lcx_is_more_lateral_than_lad,17.184427808101738,0.3972227944859155,116.4335149736192,,-67.00289649371487,0.9939652611388924,134.26977105695153,,0.8969473478646001,unresolved_manual_review,False,,False,
41.label,False,lad_is_dominant_descending_branch;lcx_is_more_lateral_than_lad;lcx_is_not_apex_descending_branch;lmca_is_shorter_than_both_daughters,1.2634571489046467,-0.842754160748826,14.443299286423093,lad,9.789301267240884,0.9365789449677948,17.78221052985383,lcx,0.8256622100442018,resolved_existing_assignment,True,0.15650127004310477,False,0.5504913924647274
42.label,False,lad_is_dominant_descending_branch;lcx_is_more_lateral_than_lad;lcx_is_not_apex_descending_branch,2.775095029986782,-0.691151695178275,65.91688362723876,lcx,39.74088694969128,0.7938084786158527,175.04986006646652,lad,1.627610476856064,resolved_swapped_assignment,True,0.4649315620564513,False,0.6373537604777418
43.label,False,lcx_has_horizontal_crown_course;lcx_is_not_apex_descending_branch,66.3228996806798,-0.030878098057060707,264.14907051248247,lad,50.2447746685713,0.9875539303459288,76.89440114231212,lcx,0.8825758274545055,resolved_existing_assignment,True,0.7007266912448328,False,0.7111803310866452
44.label,False,lcx_is_more_lateral_than_lad,63.97496802393961,0.8905263208323614,149.23042091074183,lad,6.717781575824158,0.9999999999974004,131.97315040577442,lcx,0.9332398592778414,resolved_existing_assignment,True,0.2661070107829239,False,0.5428445291342998
45.label,False,lmca_is_shorter_than_both_daughters,66.84769785293614,-0.09883112809183854,309.84039222538354,lad,20.345751399582277,0.9963545286083451,96.91452784733474,lcx,1.4310477669644959,resolved_existing_assignment,True,0.435393494196526,False,0.6217616181651437
46.label,False,lad_is_dominant_descending_branch;lcx_is_more_lateral_than_lad;lcx_is_not_apex_descending_branch;lmca_is_shorter_than_both_daughters,31.92778464901643,0.9537252880356476,62.460784771020556,lad,24.59669785782322,0.9926304443695668,45.32626691278775,lcx,0.4406992427868513,resolved_existing_assignment,True,0.6718688235670283,False,0.699509532735245
47.label,False,lcx_has_horizontal_crown_course,77.53825773806655,0.953117989567403,181.51284527123104,lad,40.339324064696115,0.9592093826408403,68.67098384324487,lcx,0.522172425700318,resolved_existing_assignment,True,0.5844744389960732,False,0.6954205898882801
48.label,False,lcx_is_more_lateral_than_lad,43.326568080884606,0.7967286758128096,169.4476373401236,lad,14.620019414717268,0.9487427892218434,158.32627929141347,lcx,0.9590320660560623,resolved_existing_assignment,True,0.29674098748549504,False,0.5437296976593516
49.label,True,,61.07382661078579,0.9155974809884206,172.48130182283742,lad,36.29025317473143,0.9848570237741346,118.37227770099256,lcx,0.8242322565480414,resolved_existing_assignment,True,0.3492311407565046,True,0.5835566741832138
50.label,False,lad_is_dominant_descending_branch;lcx_is_not_apex_descending_branch;lmca_is_shorter_than_both_daughters,23.935005580765257,0.22547529042665548,34.53863287568874,lad,23.35280697934883,0.37944640430613014,38.74702578157758,lcx,1.3540815775737725,resolved_existing_assignment,True,0.6887441979950162,False,0.7767815969490204
51.label,False,lad_is_dominant_descending_branch;lcx_has_horizontal_crown_course;lcx_is_more_lateral_than_lad;lcx_is_not_apex_descending_branch;lmca_is_shorter_than_both_daughters,4.104110383870967,-0.07612139260243588,25.958319428549554,lcx,43.59934977862323,0.78820626749575,63.09238710812906,lad,0.8038863950275101,resolved_swapped_assignment,True,0.16882140381826966,False,0.50641516854553
52.label,False,lad_is_dominant_descending_branch;lcx_is_not_apex_descending_branch,48.531933708445415,0.8861698953076643,177.30042726485118,lad,45.22692552550833,0.9995500461241724,137.1123061992825,lcx,0.8753725787134558,resolved_existing_assignment,True,0.31069266727175554,False,0.5664696644047089
53.label,True,,66.05873908402793,0.993227413666341,146.484270021386,lad,6.06616913656109,0.957824542194774,96.41304475794311,lcx,0.973322624358968,resolved_existing_assignment,True,0.29691654243544957,True,0.5582518220164769
54.label,True,,54.74095488629822,0.9268819702817586,114.35361818251455,,22.8639226790848,0.9593357721968515,134.6391353458974,,1.2525496943307517,unresolved_manual_review,False,,False,
55.label,True,,68.02983193892436,0.81800447481845,183.75574945363158,lad,4.007182407053825,0.8423874961188905,53.33726760856478,lcx,0.6391270251193407,resolved_existing_assignment,True,0.5668229250662152,True,0.6660847456974064
56.label,True,,65.01209820406633,0.7921918962110074,179.68439935201792,lad,27.761097093975685,0.9928979414340319,76.16205861550554,lcx,0.8560307628862531,resolved_existing_assignment,True,0.5752120060489855,True,0.6811650077982657
57.label,False,lad_is_dominant_descending_branch;lcx_is_more_lateral_than_lad;lcx_is_not_apex_descending_branch,7.065878906978638,-0.49395580219885277,48.15836035173579,lcx,5.097760686938715,0.26974375613448204,189.95252815139742,lad,3.574227927480388,resolved_swapped_assignment,True,0.46102766915689725,False,0.627700067905707
58.label,True,,54.641456532723794,0.8745240566975634,156.35323733557524,lad,24.4300175586084,0.9809926381264256,74.38954288638277,lcx,0.7016628401181574,resolved_existing_assignment,True,0.5491260075750674,True,0.6758540923939186
59.label,False,lcx_has_horizontal_crown_course;lcx_is_more_lateral_than_lad;lcx_is_not_apex_descending_branch,79.3671951584581,0.6245925370952915,120.45800316167174,lad,66.00128925595011,0.9268862247093759,100.9165389720962,lcx,0.5362574503045158,resolved_existing_assignment,True,0.38666040449017275,False,0.5902146369866816
60.label,False,lad_is_dominant_descending_branch;lcx_is_more_lateral_than_lad;lcx_is_not_apex_descending_branch;lmca_is_shorter_than_both_daughters,28.69790236249861,0.59180423531566,81.25294474063844,lad,39.25651330958708,0.6429567341978977,65.86188542847381,lcx,0.3121444095148915,resolved_existing_assignment,True,0.43921101020911285,False,0.6176817776942978
61.label,True,,76.96954005269018,0.9073177131542387,132.24404575537864,lad,27.979482873941905,0.9274833970505825,118.40794265911168,lcx,1.1572385660206552,resolved_existing_assignment,True,0.19557698821868175,True,0.49130214598487515
62.label,False,lcx_has_horizontal_crown_course,73.13711916645521,-0.2955667724122899,134.12671812194654,lad,33.63635237108781,0.5356261220430084,44.19366919199028,lcx,0.44459567132536226,resolved_existing_assignment,True,0.4324389684323469,False,0.6226907705360607
63.label,True,,57.70076658255373,0.9766693957467358,138.6457555621413,lad,14.105587019844645,0.912121358436706,97.38974307758372,lcx,0.8597353560818763,resolved_existing_assignment,True,0.32405021309919013,True,0.5690181864802585
64.label,False,lcx_has_horizontal_crown_course;lmca_is_shorter_than_both_daughters,57.185537856477936,0.718931062393258,95.44427302318223,lad,22.945133907564852,0.7337977997652636,33.54577540328364,lcx,0.5668872591542871,resolved_existing_assignment,True,0.4768295833530462,False,0.6518942261948333
66.label,False,lcx_is_more_lateral_than_lad,40.57516205146436,-0.4015825463809435,95.51747645950093,lad,25.764338793059792,0.8361828709772577,53.63996851118715,lcx,0.5916157516603793,resolved_existing_assignment,True,0.4330480316600568,False,0.6156959055450402
67.label,False,lcx_is_not_apex_descending_branch,76.04541436731351,0.9311720621351577,114.13814871292047,lad,52.264146771241656,0.9797151477054923,89.7840344990214,lcx,1.2698480306297513,resolved_existing_assignment,True,0.32745222289764037,False,0.5600084362148359
68.label,False,lad_is_dominant_descending_branch;lcx_has_horizontal_crown_course;lcx_is_more_lateral_than_lad;lcx_is_not_apex_descending_branch;lmca_is_shorter_than_both_daughters,12.662208503432597,0.0830811179706574,52.29509264603216,lad,26.813011152671084,0.658940480515605,37.715435534650595,lcx,0.02918707732043244,resolved_existing_assignment,True,0.8114258555771298,False,0.8114258555771298
69.label,False,lad_is_dominant_descending_branch;lcx_is_more_lateral_than_lad;lcx_is_not_apex_descending_branch,36.30523316844404,-0.5523574420330554,89.53158987632112,lad,28.91512279285429,0.808697545274005,63.073401673308354,lcx,0.7157979090433075,resolved_existing_assignment,True,0.4560298497265734,False,0.6250551255330499
70.label,False,lcx_has_horizontal_crown_course;lcx_is_more_lateral_than_lad;lcx_is_not_apex_descending_branch,86.75266477941564,0.18945989749510989,211.67112548735565,lad,66.58477022827275,0.8902739902281898,98.26727926494104,lcx,0.319159173872963,resolved_existing_assignment,True,0.2997940649049546,False,0.5209723346802326
71.label,False,lad_is_dominant_descending_branch;lcx_is_more_lateral_than_lad;lcx_is_not_apex_descending_branch,11.727181058703291,-0.12463346107084784,52.567976706347366,lad,42.11128037151611,0.9691327464311412,80.22202180235003,lcx,0.630954818817838,resolved_existing_assignment,True,0.25688529655150716,False,0.5787288659956584
72.label,True,,64.79967279662019,0.9891719205210223,93.18410361069127,lad,26.169932191770613,0.9340860395338314,56.27370782203784,lcx,0.886945027802599,resolved_existing_assignment,True,0.3943334455775593,True,0.6113997956514847
73.label,False,lad_is_dominant_descending_branch;lcx_has_horizontal_crown_course;lcx_is_more_lateral_than_lad;lcx_is_not_apex_descending_branch;lmca_is_shorter_than_both_daughters,25.289181331528397,0.5960253141726942,52.67645509307847,lad,60.085387465917016,0.5914943625898151,105.23113717359594,lcx,0.9287246079669108,resolved_existing_assignment,True,0.2204172331509583,False,0.557384602920669
74.label,False,lad_is_dominant_descending_branch;lcx_is_not_apex_descending_branch,11.652977309774634,-0.44962241668190345,113.41984714376025,,15.18965566218193,0.7431076523102133,156.25544684473388,,1.592030361186445,unresolved_manual_review,False,,False,
76.label,True,,61.48657208766469,0.9581438642917471,213.05532064092745,lad,18.72623976755252,0.9895857769750926,145.00907260168412,lcx,1.0034227384841665,resolved_existing_assignment,True,0.23143078710632098,True,0.5226364020310721
77.label,False,lcx_is_more_lateral_than_lad,20.23289506814136,0.7685877765066413,168.2516015513227,lad,3.029506151097735,0.7803827617064667,127.13572314934915,lcx,0.7612346193629188,resolved_existing_assignment,True,0.3250583745333167,False,0.5776533624790019
78.label,False,lad_is_dominant_descending_branch;lcx_has_horizontal_crown_course;lcx_is_more_lateral_than_lad;lcx_is_not_apex_descending_branch;lmca_is_shorter_than_both_daughters,22.634489058288125,0.44314357750466066,36.595185869303315,lad,39.92212398634519,0.5852498592851503,54.37977426555477,lcx,1.2330007011932873,resolved_existing_assignment,True,0.6713298224797943,False,0.7696017616790585
79.label,False,lmca_is_shorter_than_both_daughters,51.49872157942305,0.9100414100395744,124.75616081171677,lad,12.0849631234404,0.9900530347206711,38.578281800532096,lcx,0.4126433061325395,resolved_existing_assignment,True,0.741349320453605,False,0.7808070091786781
81.label,False,lcx_is_more_lateral_than_lad,52.76615498252241,0.9475568611967792,128.22597908101153,lad,18.22544338008284,0.14304122989296547,181.60685831237947,lcx,0.7502322210011845,resolved_existing_assignment,True,0.4153125370054356,False,0.6561291990503557
82.label,True,,67.04617860357604,0.9282897212040776,94.58354043634449,lad,20.66163541884744,0.998581560307722,74.43663121902115,lcx,2.6489867703266063,resolved_existing_assignment,True,0.2653094844018675,True,0.5383317945263695
83.label,False,lad_is_dominant_descending_branch;lcx_is_more_lateral_than_lad,2.4839377343827267,-0.026514820989898727,140.1468427110381,lad,-2.2426459019267195,0.9983258013371283,117.74721901365656,lcx,0.8505941253743132,resolved_existing_assignment,True,0.444415482254132,False,0.6398652967569659
84.label,False,lcx_is_more_lateral_than_lad,10.307166847905044,0.7101006886971073,60.300166410792386,lcx,-47.79081986925145,0.7879692267740585,187.6282746370633,lad,2.5242806008814895,resolved_swapped_assignment,True,0.467721312268007,False,0.6516105366107977
85.label,False,lcx_is_more_lateral_than_lad,8.929092466202192,0.6084399326619331,64.7645586911887,lad,-42.05928129607631,0.9897012865388628,126.89802824927789,lcx,1.1108422032620495,resolved_existing_assignment,True,0.197383847266967,False,0.5595798365945022
86.label,True,,80.2641686811804,0.9415748836261114,121.55716213686648,lad,17.279298167512138,0.950464278699848,73.84996760427269,lcx,1.2550146111703533,resolved_existing_assignment,True,0.31638271796877665,True,0.5699821328436719
87.label,False,lad_is_dominant_descending_branch;lcx_is_more_lateral_than_lad;lcx_is_not_apex_descending_branch,8.943257490648303,-0.13840656149095634,76.40490137323334,lcx,37.682265290795335,0.5096093516830676,86.88960122201962,lad,0.9493654472556613,resolved_swapped_assignment,True,0.35734081658806655,False,0.5986618824680152
88.label,False,lad_is_dominant_descending_branch;lcx_is_more_lateral_than_lad;lcx_is_not_apex_descending_branch;lmca_is_shorter_than_both_daughters,15.893224021441972,-0.06644573081940068,47.32193915836802,lad,25.637094565832207,0.7995622688243035,45.51612969024341,lcx,0.6937718100426339,resolved_existing_assignment,True,0.4960171898537694,False,0.6724217482170762
89.label,True,,75.45388004053008,0.9303733399570546,110.9927183028945,lad,37.23111809304856,0.9999715832183863,91.69706408668642,lcx,1.3379209237397223,resolved_existing_assignment,True,0.38360409438402915,False,0.6006708362566429
90.label,False,lad_is_dominant_descending_branch;lcx_is_more_lateral_than_lad;lcx_is_not_apex_descending_branch;lmca_is_shorter_than_both_daughters,25.144012542819816,0.3650724160185063,55.292429038039145,lad,58.58627996130306,0.669740759570886,132.3511391981692,lcx,1.3907568609949772,resolved_existing_assignment,True,0.5175727423509815,False,0.6997934111334554
91.label,True,,57.94805028472251,0.9513461498684744,170.93418307993244,lad,34.484626615709,0.9980901494480173,128.50224056879293,lcx,0.9439204809873512,resolved_existing_assignment,True,0.1923419125843125,True,0.5054008827682045
92.label,False,lcx_is_not_apex_descending_branch,82.43166764045975,0.9462739339436576,154.17843316990076,lad,54.71595173808084,0.9930868679364918,121.63982636279204,lcx,0.8918181338375808,resolved_existing_assignment,True,0.2994565310897259,False,0.56011272439566
93.label,False,lad_is_dominant_descending_branch;lcx_has_horizontal_crown_course;lcx_is_more_lateral_than_lad;lcx_is_not_apex_descending_branch,54.70665922175877,0.03812741788013235,106.33827806482672,lad,61.30907639642033,0.8572733936169951,87.81008298402915,lcx,0.5341418328218205,resolved_existing_assignment,True,0.5214450232163428,False,0.6737401273018343
94.label,True,,79.43200924632464,0.609003635911838,106.48437105484435,lcx,32.20068164291065,0.9675849592062671,124.41950766131274,lad,2.132511987423589,resolved_swapped_assignment,True,0.24830604087803249,True,0.5355723634291856
95.label,False,lad_is_dominant_descending_branch;lcx_is_more_lateral_than_lad;lcx_is_not_apex_descending_branch,28.82061892059931,-0.20222003805657254,142.6065313046045,lad,72.09850548669368,0.8715224137253557,131.0533162162683,lcx,0.791644867216453,resolved_existing_assignment,True,0.3329206270797738,False,0.5732795260218563
96.label,True,,64.48797155700666,0.8449973011694757,144.13222973734813,lcx,4.913670211080063,0.8391099550367035,83.41192363115499,lad,1.2531986908352544,resolved_swapped_assignment,True,0.39942398684807756,False,0.6344221730343552
98.label,True,,24.656623295936235,0.1790854370179014,69.34160270425221,lcx,-1.4334678415084596,0.7681314518582659,138.40954208609892,lad,3.553472984636612,resolved_swapped_assignment,True,0.33940627731747935,False,0.5755286971720648
99.label,False,lcx_has_horizontal_crown_course;lcx_is_not_apex_descending_branch,82.79594162384726,0.8404402051719354,135.65624475900836,lad,54.600033088261284,0.9284232560898109,80.5603105217526,lcx,1.350640924430222,resolved_existing_assignment,True,0.41280797644128603,False,0.607343960549967
100.label,False,lad_is_dominant_descending_branch;lcx_has_horizontal_crown_course;lcx_is_more_lateral_than_lad;lcx_is_not_apex_descending_branch,36.36127463699702,-0.3576713016878959,82.39422827144006,lad,54.113920476234924,0.9583630817004405,79.51796072066712,lcx,0.5116362608369076,resolved_existing_assignment,True,0.3167347624435782,False,0.570000645414435
101.label,False,lcx_is_more_lateral_than_lad,7.178512757439131,0.6664747655481027,41.53909873486305,lcx,-31.673906085103607,0.8208877865636702,114.93092160238444,lad,2.127471730364278,resolved_swapped_assignment,True,0.4754235981285652,False,0.657853452065212
102.label,True,,82.84267186432236,0.8994913359872555,159.1072356311909,lad,25.67987815595325,0.9955699877253636,116.41071090822489,lcx,1.019305279399328,resolved_existing_assignment,True,0.21083921908273323,True,0.5072799502435625
103.label,False,lcx_has_horizontal_crown_course,61.25487391890747,0.857757667932735,79.6337772815391,lad,38.27174131274211,0.9680438679379091,50.98734429249613,lcx,1.9466203707520051,resolved_existing_assignment,True,0.4163097448944729,False,0.6159087019028252
104.label,False,lad_is_dominant_descending_branch;lcx_is_not_apex_descending_branch;lmca_is_shorter_than_both_daughters,8.02048427251951,0.3063960535025855,10.652047628460101,lad,9.430454197657625,0.9893792812659258,23.942483490253537,lcx,3.9893632457314627,resolved_existing_assignment,True,0.5805502567742844,False,0.6692235437140897
105.label,False,lcx_is_not_apex_descending_branch,55.22730160067443,0.9990425138956801,86.48859752753877,lcx,41.855532313630036,0.911105295140991,105.66582726336502,lad,1.7908780916534615,resolved_swapped_assignment,True,0.16546454482041,False,0.5104124826896111
106.label,False,lad_is_dominant_descending_branch;lcx_is_not_apex_descending_branch,12.855296313707722,-0.808921016967899,98.28679836695227,lad,18.86282503349745,0.9909700961188189,80.20707105369092,lcx,0.8728096865055028,resolved_existing_assignment,True,0.2396392221039455,False,0.5308036528125364
107.label,True,,85.9341151012984,0.9385667745388218,129.20461028108366,lad,46.295113618608525,0.962423591249029,114.41502701037024,lcx,1.6658063296535746,resolved_existing_assignment,True,0.15018181836962036,True,0.5017809326741285
108.label,False,lad_is_dominant_descending_branch;lcx_is_not_apex_descending_branch;lmca_is_shorter_than_both_daughters,34.403914086241016,0.9616175435034463,49.80783827614892,lad,27.477191769679997,0.8022990920139155,46.10239654257033,lcx,1.2314239948170396,resolved_existing_assignment,True,0.7589466038236902,False,0.7771376085942071
109.label,False,lad_is_dominant_descending_branch;lcx_is_more_lateral_than_lad;lcx_is_not_apex_descending_branch;lmca_is_shorter_than_both_daughters,16.004684555406055,0.03684314834794565,31.09922495390936,lad,59.79336250877438,0.32253017999926564,123.1347831053044,lcx,2.488157612821521,resolved_existing_assignment,True,0.6076706973867516,False,0.7404056378254493
110.label,False,lad_is_dominant_descending_branch;lcx_is_more_lateral_than_lad;lcx_is_not_apex_descending_branch;lmca_is_shorter_than_both_daughters,26.943923666493284,0.7489605407210678,69.61764775616456,lad,51.89176230426777,0.7126694596620704,90.22572677288215,lcx,0.6903318467159116,resolved_existing_assignment,True,0.6364671072315149,False,0.7491172831493815
111.label,False,lad_is_dominant_descending_branch;lcx_is_not_apex_descending_branch,17.57339907195843,0.27968666498972045,111.9605679003102,lad,24.130538820306093,0.5614521936213884,59.16618180000482,lcx,0.5654456876442348,resolved_existing_assignment,True,0.6448062298339341,False,0.7356984254035627
112.label,True,,78.069748732061,0.3964953950766512,168.9116979886744,lad,40.56840177196676,0.782887272598603,72.9579414524465,lcx,1.0746670247821473,resolved_existing_assignment,True,0.2725767778610824,False,0.5063057943143034
113.label,True,,42.271886068140546,0.9023635836836663,125.58743213989246,lad,16.54707784430363,0.9894615109101115,84.39029672650386,lcx,0.8146746256320077,resolved_existing_assignment,True,0.5567147951598233,True,0.6989123083879925
114.label,False,lcx_is_more_lateral_than_lad;lmca_is_shorter_than_both_daughters,26.267006565253883,0.4142786874286081,44.25235346625573,lad,0.2533607963186064,0.8068868624760513,156.0165070867529,lcx,3.3783453275829163,resolved_existing_assignment,True,0.6064228813397563,False,0.7177662478936832
115.label,False,lcx_is_more_lateral_than_lad,2.875788411893224,0.24204974737779864,77.85231992570021,lcx,-38.1214673138577,0.6517624193050737,115.31134331377291,lad,1.2063932633336514,resolved_swapped_assignment,True,0.3201229451748298,False,0.5922319603106173
116.label,False,lad_is_dominant_descending_branch;lcx_is_more_lateral_than_lad;lcx_is_not_apex_descending_branch;lmca_is_shorter_than_both_daughters,32.67109123485455,0.7221810576283976,54.0125767507347,lad,60.46460750536854,0.817507593733001,120.168454756904,lcx,1.4196481111635408,resolved_existing_assignment,True,0.5632980728627284,False,0.6924975444648258
117.label,True,,73.24907763218582,0.7944415554351469,256.2933389125098,lad,2.880013744262364,0.9522204434789334,90.64717581714102,lcx,0.9134871072708688,resolved_existing_assignment,True,0.26380358305840473,False,0.5535810523554935
118.label,True,,73.62045533902057,0.7205444390895523,122.5878435177074,lcx,32.616260377082,0.8609360019637772,147.7745540859235,lad,1.7405914740891624,resolved_swapped_assignment,True,0.32306369678171115,True,0.5620061597783561
119.label,False,lad_is_dominant_descending_branch;lcx_has_horizontal_crown_course;lcx_is_more_lateral_than_lad;lcx_is_not_apex_descending_branch,56.6141707010575,0.2845869848082858,142.87835317898814,lad,72.15191086590818,0.8102936512019231,105.06089176812341,lcx,0.3886911973277808,resolved_existing_assignment,True,0.44785982751642817,False,0.6213844668504078
120.label,False,lcx_has_horizontal_crown_course;lcx_is_more_lateral_than_lad;lmca_is_shorter_than_both_daughters,0.0775141694062107,0.9426243211357924,103.56951145846246,lcx,-52.60790142512056,0.9577521617931359,80.5036210417619,lad,0.6621547405508313,resolved_swapped_assignment,True,0.2436767694451012,False,0.558184014196608
121.label,True,,66.10539996798468,0.9817529801570452,139.10948583376268,lad,20.869177868354065,0.9718729765475107,48.760057801459986,lcx,0.4939379143063353,resolved_existing_assignment,True,0.5876548888558697,True,0.6966006836523151
122.label,True,,47.140728287246056,0.9930267045747155,172.11564753849024,lad,1.3320549882916517,0.8665849901719644,115.63041758315147,lcx,0.8203540111483675,resolved_existing_assignment,True,0.2978409136766859,True,0.535002528845815
123.label,False,lad_is_dominant_descending_branch;lcx_is_more_lateral_than_lad;lcx_is_not_apex_descending_branch,32.2029779568786,0.01005700761809104,106.36766863672545,lcx,63.402698806928115,0.46916420153724797,107.910430463762,lad,0.3017251889602474,resolved_swapped_assignment,True,0.2706623483006126,False,0.5313116735773574
124.label,False,lcx_is_more_lateral_than_lad,50.524416618906336,0.9259405370640051,92.74424565322309,lad,29.849820459432983,0.9854397409618761,55.120069547394635,lcx,0.5855602012244268,resolved_existing_assignment,True,0.40482359718931954,False,0.6225929163459111
125.label,True,,65.37375856807981,0.9376555805053233,200.7194540544952,lad,35.438470582945776,0.9536798147064448,101.91416071363605,lcx,0.797201430294297,resolved_existing_assignment,True,0.6004971640759362,True,0.7002250630311989
126.label,True,,43.95859203264969,0.8300579941729495,179.34470455214247,lad,-14.198015580674472,0.9256469796564263,71.34434993645104,lcx,0.5924519204417474,resolved_existing_assignment,True,0.7806683275042161,True,0.7999302225614663
127.label,False,lad_is_dominant_descending_branch;lcx_is_more_lateral_than_lad;lcx_is_not_apex_descending_branch;lmca_is_shorter_than_both_daughters,27.489267834506137,0.4560717692806123,83.12172912893803,lad,29.562025530844373,0.5926923710938685,49.053981724352845,lcx,0.13140835888105137,resolved_existing_assignment,True,0.6899682442654064,False,0.7241692769092002
128.label,True,,10.931351386562692,0.23939043492839873,176.67012482387554,lad,-25.068954294953297,0.679911141470724,73.14679531887288,lcx,0.48629603656406345,resolved_existing_assignment,True,0.3637241513371451,False,0.6020449167688178
129.label,False,lcx_is_not_apex_descending_branch,73.20731389401938,0.8067274692267741,177.88923069437374,lad,48.83837793062,0.9994938773079259,111.11282942613381,lcx,0.9907039770020138,resolved_existing_assignment,True,0.36796554706879114,False,0.5840438358844533
131.label,True,,75.54588647330567,0.9841968005685929,105.64184411728502,lcx,43.86055072183756,0.9548668277419402,134.86537890432896,lad,3.622844756039224,resolved_swapped_assignment,True,0.27486748307497993,False,0.5470646464768787
132.label,False,lcx_has_horizontal_crown_course;lcx_is_more_lateral_than_lad,87.90702605113212,-0.19284964672576485,185.54254321108985,lad,55.31191541148404,0.9809473810974467,93.17543377138483,lcx,0.49889460069879243,resolved_existing_assignment,True,0.37835849859013265,False,0.5459732947582188
133.label,True,,66.81430830477585,0.9534457957662442,113.7272943750927,lad,-31.098345214271703,0.9998954450918927,87.75646477263693,lcx,1.0073339423179202,resolved_existing_assignment,True,0.48424257409376564,True,0.6344009747665784
134.label,True,,35.14035071332363,0.8632214996670328,88.27207892632299,lad,-1.6968907980028742,0.9987976800994065,50.49736574608616,lcx,0.6027345688066933,resolved_existing_assignment,True,0.5678693547896703,True,0.6925746267389135
135.label,False,lcx_has_horizontal_crown_course;lcx_is_not_apex_descending_branch,58.65642955024027,0.9077068993480462,170.24169499603192,lad,47.35624716995455,0.9879321385157201,88.14329300115772,lcx,0.6327289928873667,resolved_existing_assignment,True,0.46558472740643747,False,0.6337755537673936
136.label,False,lcx_is_more_lateral_than_lad,7.5951615908230785,0.38638103585415007,69.66820276951015,lcx,-30.71521295297465,0.4594241457554611,184.97576645528721,lad,2.075565134674825,resolved_swapped_assignment,True,0.468967953090145,False,0.6353149859609475
137.label,True,,63.71095265611954,0.9795570184446588,150.96882578975746,lad,27.443318094042773,0.9698947329951918,97.24501423998176,lcx,1.143256083359334,resolved_existing_assignment,True,0.4035526573346811,True,0.6198341292205956
138.label,False,lcx_is_not_apex_descending_branch,43.46197217925755,0.9493350605960533,178.41381065308144,lad,29.09260370490629,0.9341867926229269,54.43876029950535,lcx,0.475847073042871,resolved_existing_assignment,True,0.6564198582409,False,0.7517762875342544
139.label,False,lmca_is_shorter_than_both_daughters,86.7131914113015,0.9203190700784167,150.10968644919112,lad,47.58462333902091,0.8998167247956206,74.765609091179,lcx,1.2081860487994478,resolved_existing_assignment,True,0.41937513231220785,False,0.6159070275622132
140.label,False,lcx_is_more_lateral_than_lad,11.924859434839638,0.5929758395919629,85.71961394761023,lcx,-31.28827518768581,0.8547553436639919,185.6701979559425,lad,1.8908200102235206,resolved_swapped_assignment,True,0.5956892692180074,False,0.7171560203012349
141.label,True,,48.791466083489155,0.961993098586891,154.8177877274072,lad,-14.283903681431946,0.9837943330048363,54.79523240805591,lcx,0.5117654097806268,resolved_existing_assignment,True,0.6580413934208735,True,0.744461886438954
142.label,False,lcx_is_not_apex_descending_branch,50.561660759929005,0.7777664349929221,203.11931550733627,lad,37.38767125752104,0.9924831111604957,141.27103460416836,lcx,0.8777139948095135,resolved_existing_assignment,True,0.22418555673992407,False,0.5098423511211858
143.label,True,,16.733437138291468,-0.8594350367456612,191.76227747048114,lad,-2.3206833279382844,0.9980400633679207,154.89349418808706,lcx,1.0216665808645604,resolved_existing_assignment,True,0.3540196459021408,True,0.5863770795915398
144.label,False,lad_is_dominant_descending_branch,9.744821911899857,-0.03387406241203382,208.96887694911192,lad,5.010635680629207,0.9171688293860997,81.11005883340464,lcx,0.8809677496466257,resolved_existing_assignment,True,0.1976068991512379,False,0.5072158447064121
145.label,False,lcx_is_more_lateral_than_lad,15.776860576074581,0.9567212977381855,77.62007664420864,lad,-27.82237341196695,0.9838687611275349,51.927705326790864,lcx,0.5554756396342121,resolved_existing_assignment,True,0.4405279010345656,False,0.6325163723327812
146.label,True,,77.28239219243822,0.9240659228579499,129.94239172046517,lad,15.752755827379062,0.9913004048813285,59.63838800642226,lcx,1.033612770298974,resolved_existing_assignment,True,0.49827116995165405,True,0.6401655058067982
147.label,False,lad_is_dominant_descending_branch;lcx_has_horizontal_crown_course;lcx_is_more_lateral_than_lad;lcx_is_not_apex_descending_branch;lmca_is_shorter_than_both_daughters,27.972291875782613,0.5284273697185292,51.633251403607815,lad,63.770526845816136,0.5210882743584133,99.4949224677441,lcx,1.4808546053513592,resolved_existing_assignment,True,0.6693538740751286,False,0.7557259378336543
148.label,False,lcx_is_not_apex_descending_branch,52.41084968960783,0.8857333114105218,180.16348507905292,lad,38.39257936500335,0.9376127441680768,149.53993118077125,lcx,0.9120627853509539,resolved_existing_assignment,True,0.23127343134070338,False,0.5281630476716717
150.label,True,,51.13702882126534,0.8006774835348408,149.63313701123064,lad,14.9579270274533,0.78021887886722,107.57433128255995,lcx,0.9414587817161187,resolved_existing_assignment,True,0.4014824499694794,True,0.6225515837060481
151.label,False,lcx_is_not_apex_descending_branch,48.12108900054381,0.9538811323779016,185.6794540754203,lad,37.00688840735548,0.9965230418619315,166.33117216828524,lcx,0.9740145679094878,resolved_existing_assignment,True,0.316715808224371,False,0.5584192331368255
152.label,False,lcx_is_more_lateral_than_lad,38.338724403176485,0.7195250299146337,173.92827565883667,lad,-27.345100420396477,0.8350596674015204,76.81226879163124,lcx,0.28604315166332556,resolved_existing_assignment,True,0.7721155331691728,False,0.7721155331691728
153.label,True,,69.83004411780115,0.9176269956829696,182.86558273307543,lad,24.4599977629522,0.6988369557509355,123.37762015857592,lcx,1.0097683456583666,resolved_existing_assignment,True,0.24000774714809453,True,0.5294952465213247
154.label,False,lad_is_dominant_descending_branch;lcx_is_more_lateral_than_lad;lcx_is_not_apex_descending_branch;lmca_is_shorter_than_both_daughters,16.615816190939668,-0.5519361495847354,74.79706486578806,lad,24.661806464390367,0.7695359526193563,52.92462885492729,lcx,0.6523513157345245,resolved_existing_assignment,True,0.4509212419430175,False,0.6531417756629669
155.label,True,,43.267049378249624,0.9234612285325382,66.1068104237163,lad,27.87548985170554,0.9749003275383475,60.61106835221494,lcx,1.482823828649246,resolved_existing_assignment,True,0.2663711174455455,True,0.5459947824401091
156.label,True,,64.04641482515743,0.8522062783518174,105.57174985542052,lcx,32.36736630923838,0.9997058699156881,131.27535218953858,lad,3.071363044071611,resolved_swapped_assignment,True,0.3546285237162566,True,0.558756437995559
157.label,False,lmca_is_shorter_than_both_daughters,50.68266674150929,0.6904923742122557,112.52010985890033,lad,-0.6128601653775547,0.9791136564933132,113.51861179315136,lcx,1.8422693765930864,resolved_existing_assignment,True,0.2510920045338377,False,0.5786904029220804
158.label,False,lcx_has_horizontal_crown_course;lcx_is_more_lateral_than_lad;lmca_is_shorter_than_both_daughters,54.91052494350178,0.9598253586580414,93.28011427112075,lad,27.54261711033321,0.9099429172916699,44.17550745427117,lcx,0.17718314928287385,resolved_existing_assignment,True,0.5194319478329982,False,0.652352407906946
159.label,False,lcx_is_more_lateral_than_lad,18.975763492346175,0.7097111718924093,55.899689369744145,lcx,-55.85282444222709,0.4481455982004075,119.79451659485791,lad,1.9832815780632838,resolved_swapped_assignment,True,0.803130963561911,False,0.803130963561911
160.label,False,lad_is_dominant_descending_branch;lcx_is_more_lateral_than_lad;lcx_is_not_apex_descending_branch;lmca_is_shorter_than_both_daughters,9.048414221639838,0.07479506612869397,16.422928435160255,,12.826603376979584,0.44044430567097465,24.484343425749028,,1.132640101528055,unresolved_manual_review,False,,False,
161.label,False,lcx_is_more_lateral_than_lad,2.2388481679847736,0.9704667778393259,72.12027719349487,lcx,-53.77631273067245,0.6688653620910926,171.09396974162826,lad,1.8590379654848825,resolved_swapped_assignment,True,0.4821214139235907,False,0.6358816199530217
162.label,True,,59.511867619441404,-0.4467204218246933,162.16710791316464,lad,27.336082361153355,0.959240231007752,57.98059669876059,lcx,0.5834860233346175,resolved_existing_assignment,True,0.3726043737759442,True,0.5760450946440451
163.label,False,lcx_is_more_lateral_than_lad,14.634073871273522,0.7628778005033052,80.46260979241254,lcx,-59.59229859637276,0.6936090385423099,142.46014422359508,lad,1.4914538296071775,resolved_swapped_assignment,True,0.41448968300878025,False,0.5968631659192806
164.label,False,lad_is_dominant_descending_branch;lcx_is_more_lateral_than_lad;lcx_is_not_apex_descending_branch,54.203394071087395,0.25527934866628516,115.7778297917255,lcx,75.463991658802,0.44575110162567844,152.5511440238685,lad,0.533754543559714,resolved_swapped_assignment,True,0.2557071958262143,False,0.5356257805959206
166.label,True,,65.79751071373391,0.9112873945711586,86.69143677015671,lcx,29.58957289159883,0.9830802496016202,89.98215461990952,lad,8.052567120293961,resolved_swapped_assignment,True,0.23526498926538963,True,0.5279367746630843
167.label,False,lad_is_dominant_descending_branch;lcx_is_not_apex_descending_branch;lmca_is_shorter_than_both_daughters,37.783065966574206,0.4243822371921627,54.229185966405275,lcx,62.934410651209916,0.3562125735602653,144.234409458651,lad,3.303774756004998,resolved_swapped_assignment,True,0.18502708163234477,False,0.5025363586745468
168.label,False,lcx_is_more_lateral_than_lad,64.53562274488377,0.9416257303478474,114.08096356587728,,30.01936125279355,0.9623234699966691,133.19796112897873,,1.2177186158260471,unresolved_manual_review,False,,False,
169.label,False,lad_is_dominant_descending_branch;lcx_has_horizontal_crown_course;lcx_is_more_lateral_than_lad;lcx_is_not_apex_descending_branch;lmca_is_shorter_than_both_daughters,33.881370068408806,0.740292734130206,70.3881010219313,lad,40.283624138504095,0.5193386674645589,64.73536632994058,lcx,0.2589061009091547,resolved_existing_assignment,True,0.7048331317206816,False,0.7323017504878534
170.label,True,,10.374537804893912,0.7722792260861376,53.16972276068261,lcx,-40.3578675037206,0.9110856522964528,134.85116790025913,lad,5.730178807541259,resolved_swapped_assignment,True,0.5214817453412054,False,0.6532239795151211
172.label,True,,72.39201302112811,0.8607991052717727,161.14569027570434,lad,27.904303297141134,0.9857652422156155,115.8926054364197,lcx,0.7770348477797995,resolved_existing_assignment,True,0.5033869152437657,True,0.6487203625670415
173.label,False,lcx_is_more_lateral_than_lad,10.212547003328565,0.653443132928652,59.79596291185245,lcx,-21.88162736600283,0.5988795867583356,185.48977574974663,lad,2.347439716505166,resolved_swapped_assignment,True,0.4834125368311538,False,0.6550960218433568
174.label,False,lcx_is_more_lateral_than_lad,6.866364262079604,0.04044359853989241,89.12098748597742,lcx,-82.26209898160559,0.5384229443173701,171.6035240336088,lad,1.5613512819690998,resolved_swapped_assignment,True,0.28947038902391525,False,0.5380492003965384
175.label,True,,64.97821507840993,0.9767322846407337,163.31610855627775,lad,16.195121297529106,0.9879190631616425,97.70851868845531,lcx,0.9205040028326168,resolved_existing_assignment,True,0.36221527382802293,True,0.5969770293395822
177.label,True,,80.45224635211434,0.9910640084277865,123.60547235548401,lad,30.9419099226266,0.9862176393867479,66.69568732332668,lcx,1.2335623308341024,resolved_existing_assignment,True,0.714062125474108,True,0.7454587305817959
178.label,True,,47.91016697723166,0.8678632730635015,122.7268480211414,,5.624831558749559,0.9995198394804798,123.23346217049206,,1.1130552837450323,unresolved_manual_review,False,,False,
179.label,False,lcx_has_horizontal_crown_course;lmca_is_shorter_than_both_daughters,91.69938005781654,0.9177784368472297,142.8973367028512,lad,26.93234590396495,0.9999929999744438,53.554092100966045,lcx,0.7694126930095957,resolved_existing_assignment,True,0.7009814412084027,False,0.7325833033436254
180.label,False,lad_is_dominant_descending_branch;lcx_has_horizontal_crown_course;lcx_is_more_lateral_than_lad;lcx_is_not_apex_descending_branch;lmca_is_shorter_than_both_daughters,35.79369137041615,0.6151309646020601,75.85699523405722,lad,55.91117549385804,0.6475869556970562,82.07880413350787,lcx,0.3838724876094569,resolved_existing_assignment,True,0.7008983025528708,False,0.7894551285120638
181.label,True,,79.5367854386959,0.8031054831153817,211.23974775149935,lad,-0.44006965184694113,0.9633736767158859,94.9897269172327,lcx,0.8248954863809347,resolved_existing_assignment,True,0.39465252571024684,False,0.5941886851762643
182.label,False,lad_is_dominant_descending_branch;lcx_has_horizontal_crown_course;lcx_is_more_lateral_than_lad;lcx_is_not_apex_descending_branch;lmca_is_shorter_than_both_daughters,22.222164614237368,0.25786361911678013,38.23510163268844,lad,46.41213627981993,0.5316366438448079,61.68801067139118,lcx,0.6037186907125371,resolved_existing_assignment,True,0.3118081958771577,False,0.5995130250436751
183.label,True,,63.43127604264452,0.9020691514440685,131.60102440617618,lad,31.333870176094273,0.9976975612822806,131.4357173114485,lcx,1.0867172792149664,resolved_existing_assignment,True,0.260433919445444,False,0.5142104753015835
184.label,True,,75.51826723238467,0.8561879352985724,114.68545525996998,lad,-5.7959508374765205,0.9996571892836573,72.8530819549381,lcx,1.508433258814326,resolved_existing_assignment,True,0.2543201837073093,True,0.5269990076983728
185.label,True,,54.223616485177146,0.9931764200890243,106.08478907658618,lad,17.023739633303578,0.8960050857358947,84.55969125952535,lcx,0.9744447394486935,resolved_existing_assignment,True,0.48253034745242357,True,0.6599531457989513
186.label,False,lad_is_dominant_descending_branch;lcx_is_more_lateral_than_lad;lcx_is_not_apex_descending_branch;lmca_is_shorter_than_both_daughters,7.109128915065847,-0.06628729110523544,25.816701033031013,lad,35.50028253264371,0.8703320982382217,60.261806611542454,lcx,1.1020435352288764,resolved_existing_assignment,True,0.4558274907949613,False,0.6791292807984961
187.label,False,lad_is_dominant_descending_branch;lcx_is_more_lateral_than_lad,18.570560399234008,0.9456093106076014,195.23753805324432,,10.554235463558179,0.9938154009161151,210.13285880590547,,0.929026462360226,unresolved_manual_review,False,,False,
188.label,False,lcx_is_more_lateral_than_lad,36.42325647421648,-0.07935300558272709,126.13486018748509,lcx,-32.0887536869278,0.4556642354715811,127.92373223772013,lad,0.8735923412046985,resolved_swapped_assignment,True,0.2870834641003586,False,0.5600176945091095
189.label,True,,59.49388629827818,0.9681670006115782,176.0893174174206,lad,-1.5704562014162007,0.8318341854668059,93.86310567808955,lcx,0.8782158026220018,resolved_existing_assignment,True,0.4097745874987409,True,0.6194880248142887
190.label,False,lad_is_dominant_descending_branch;lcx_is_more_lateral_than_lad;lcx_is_not_apex_descending_branch,33.3114812181157,0.9691256180658518,168.64650438484625,lad,24.807825039314668,0.8402363849237617,164.938370025578,lcx,0.8494574603897606,resolved_existing_assignment,True,0.38350872441512285,False,0.6098582464604606
191.label,False,lcx_is_more_lateral_than_lad;lmca_is_shorter_than_both_daughters,8.267356298935443,0.1440005229413751,38.21995785683437,lcx,-39.77311083858656,0.7797362142607539,141.757828896659,lad,3.0643751221561053,resolved_swapped_assignment,True,0.299174217827061,False,0.5722778379968589
192.label,True,,69.59734821649808,0.8558146312536955,162.44817326293432,lad,22.3619741143207,0.9908477195571934,93.90044474111635,lcx,0.8133325016611369,resolved_existing_assignment,True,0.4394772869588287,False,0.6178101454257291
193.label,False,lcx_has_horizontal_crown_course;lcx_is_more_lateral_than_lad;lcx_is_not_apex_descending_branch;lmca_is_shorter_than_both_daughters,72.97132537828759,0.913374065574095,123.90119173250355,lad,48.39222808857936,0.9983735208659349,70.22203765231856,lcx,0.5277306655763966,resolved_existing_assignment,True,0.5365172804275004,False,0.676137908852551
194.label,True,,63.97531135821062,0.8509741067848682,133.02181664134537,lad,37.42005905166183,0.6713464746625764,79.28480332937418,lcx,0.8091134334352927,resolved_existing_assignment,True,0.3934796431143762,True,0.6121457910402048
195.label,True,,50.285919515392074,0.7208478812235956,80.95874514568479,lcx,10.025911328053848,0.7898004642349391,125.30017987102622,lad,2.073298001461708,resolved_swapped_assignment,True,0.47321220030776623,True,0.6380350458955808
196.label,False,lad_is_dominant_descending_branch;lcx_is_not_apex_descending_branch,5.394741386021318,-0.12273756884942678,109.13989747039,lad,6.186212869522702,0.9766104826759243,70.55762203110868,lcx,0.6856316115520674,resolved_existing_assignment,True,0.7604240621570242,False,0.7604240621570242
197.label,True,,24.021825708318616,0.6083597505044731,208.24443077354522,lad,-7.51473749293783,0.9974808103712065,86.32410346626716,lcx,0.5554160718594052,resolved_existing_assignment,True,0.20336763424317655,False,0.5237976981933925
198.label,False,lcx_is_more_lateral_than_lad;lcx_is_not_apex_descending_branch;lmca_is_shorter_than_both_daughters,32.791035387479134,-0.13841905560219253,69.03535757698702,lad,21.843575420766754,0.8999864220418193,40.52749253011648,lcx,0.4182289426999486,resolved_existing_assignment,True,0.5238796174754012,False,0.6887274359076841
199.label,True,,13.803298275916159,-0.4730589780584172,136.84003764152175,lad,-0.3209392406120112,0.8274728308641731,59.30925738793568,lcx,0.6090669459735065,resolved_existing_assignment,True,0.5074091913784098,True,0.6591020826765556
200.label,True,,38.96350444479344,0.997131027124192,52.722616364545914,lad,17.601481810234972,0.9729432754368925,30.570272287733683,lcx,1.2543325123867808,resolved_existing_assignment,True,0.4022837289419256,False,0.5946449734351579
