branch,point_index,normalized_source_arc_length,distance_mm
LMCA,0,0,10.8383267361
LMCA,1,0.0259468780486,10.8119718349
LMCA,2,0.0442940914674,10.8983224465
LMCA,3,0.070240969516,10.876499789
LMCA,4,0.0885881829348,10.9658257804
LMCA,5,0.114535060983,10.9485320174
LMCA,6,0.15331081921,11.5959530089
LMCA,7,0.179257697258,11.5817679201
LMCA,8,0.205204575307,11.5706591213
LMCA,9,0.231151453355,11.5626329958
LMCA,10,0.269927211582,12.2106712072
LMCA,11,0.29587408963,12.2056462585
LMCA,12,0.321820967679,12.2036829574
LMCA,13,0.347767845727,12.2047865839
LMCA,14,0.381928337319,12.7544290362
LMCA,15,0.400275550738,12.8571487611
LMCA,16,0.426222428786,12.8641897295
LMCA,17,0.444569642205,12.9697000959
LMCA,18,0.478730133797,13.5226951979
LMCA,19,0.497077347215,13.6301659581
LMCA,20,0.515424560634,13.7390359072
LMCA,21,0.541371438683,13.7545741072
LMCA,22,0.567318316731,13.7731255572
LMCA,23,0.58566553015,13.8860309509
LMCA,24,0.611612408199,13.9089131151
LMCA,25,0.629959621618,14.0245009199
LMCA,26,0.648306835036,14.141447465
LMCA,27,0.666654048455,14.25974373
LMCA,28,0.692600926504,14.2895386253
LMCA,29,0.73137668473,14.940427715
LMCA,30,0.757323562779,14.9727754458
LMCA,31,0.775670776197,15.0954234755
LMCA,32,0.794017989616,15.219377274
LMCA,33,0.832793747842,14.8190780277
LMCA,34,0.851140961261,14.9465255033
LMCA,35,0.86948817468,15.0752594437
LMCA,36,0.887835388099,15.2052709723
LMCA,37,0.906182601518,15.3365512455
LMCA,38,0.924529814936,15.4690914534
LMCA,39,0.963305573162,16.1228809485
LMCA,40,0.981652786581,16.2569670335
LMCA,41,1,16.3922808859
LAD,0,0,16.3922808859
LAD,1,0.0025568169179,16.6180112838
LAD,2,0.00511363383579,16.8465883437
LAD,3,0.00767045075369,17.0779660959
LAD,4,0.0102272676716,17.312099232
LAD,5,0.0120352102525,17.4077658602
LAD,6,0.0145920271704,17.6461626085
LAD,7,0.0171488440883,17.8872016628
LAD,8,0.0197056610062,18.1308400753
LAD,9,0.0222624779241,18.3770355744
LAD,10,0.024070420505,18.4802988793
LAD,11,0.0266272374229,18.7304509648
LAD,12,0.0284351800038,18.8769321211
LAD,13,0.0309919969217,19.1305519963
LAD,14,0.0335488138395,19.3865666076
LAD,15,0.0373697943232,19.2395629509
LAD,16,0.0399266112411,19.5020357492
LAD,17,0.042483428159,19.7667832296
LAD,18,0.0463044086427,19.6352073652
LAD,19,0.0488612255606,19.9061739806
LAD,20,0.0514180424785,20.1792987581
LAD,21,0.0552390229622,20.0628466308
LAD,22,0.0570469655431,20.2215698636
LAD,23,0.059603782461,20.5015263699
LAD,24,0.0629699725152,20.2755363058
LAD,25,0.0667909529989,20.1769382944
LAD,26,0.0685988955798,20.3411024178
LAD,27,0.0711557124977,20.6302143635
LAD,28,0.0729636550786,20.7961384866
LAD,29,0.0767846355623,20.7117243963
LAD,30,0.0785925781432,20.8802550733
LAD,31,0.0819587681974,20.6769903147
LAD,32,0.0857797486811,20.606373127
LAD,33,0.087587691262,20.7792764003
LAD,34,0.0893956338429,20.9531019547
LAD,35,0.0927618238971,20.7172918103
LAD,36,0.095318640815,21.023644437
LAD,37,0.0991396212987,20.9721049852
LAD,38,0.10094756388,21.1497059528
LAD,39,0.104768544363,21.1066267148
LAD,40,0.108134734418,20.9341872105
LAD,41,0.111955714901,20.9031031459
LAD,42,0.113763657482,21.0862918749
LAD,43,0.117129847536,20.9251702988
LAD,44,0.120496037591,20.7685768777
LAD,45,0.122303980171,20.9560342834
LAD,46,0.126124960655,20.9448436505
LAD,47,0.129945941139,20.9404588712
LAD,48,0.13175388372,21.1315135723
LAD,49,0.135574864203,21.1352475599
LAD,50,0.138941054258,21.0017536582
LAD,51,0.142762034741,21.0172477705
LAD,52,0.144569977322,21.2133812278
LAD,53,0.148390957806,21.2368210769
LAD,54,0.15175714786,21.119556247
LAD,55,0.153565090441,21.3193228442
LAD,56,0.156931280495,21.2081984259
LAD,57,0.160752260979,21.2494657332
LAD,58,0.164573241463,21.2972537228
LAD,59,0.168394221946,21.3515204404
LAD,60,0.171760412001,21.2598693801
LAD,61,0.175581392484,21.3255049787
LAD,62,0.179402372968,21.3975127977
LAD,63,0.181210315549,21.6068504549
LAD,64,0.185031296033,21.6862514382
LAD,65,0.188852276516,21.771908878
LAD,66,0.19221846657,21.6513053375
LAD,67,0.196039447054,21.7483338188
LAD,68,0.199860427538,21.8514966601
LAD,69,0.202417244456,22.2275457792
LAD,70,0.206238224939,22.339022258
LAD,71,0.209604414994,22.2923594922
LAD,72,0.212970605048,22.1972927461
LAD,73,0.216791585532,22.3244919887
LAD,74,0.218599528112,22.4914841996
LAD,75,0.220407470693,22.2744435977
LAD,76,0.222964287611,22.2269087691
LAD,77,0.225803755714,21.9739741782
LAD,78,0.228360572632,22.3606027707
LAD,79,0.23091738955,22.7479519168
LAD,80,0.23272533213,22.9194347291
LAD,81,0.234533274711,23.0918559186
LAD,82,0.236341217292,23.2652073329
LAD,83,0.239707407346,23.1942149743
LAD,84,0.243073597401,23.1278964507
LAD,85,0.246894577884,22.8507124493
LAD,86,0.250715558368,23.4835149837
LAD,87,0.253272375286,23.4486436472
LAD,88,0.25709335577,23.6055447347
LAD,89,0.258901298351,23.787061024
LAD,90,0.262722278834,23.5222149917
LAD,91,0.264530221415,23.706523759
LAD,92,0.268351201899,23.8749166269
LAD,93,0.270908018817,23.8480428398
LAD,94,0.273464835735,23.8235823566
LAD,95,0.276831025789,23.7858454936
LAD,96,0.27863896837,23.9759790404
LAD,97,0.280446910951,24.1669174366
LAD,98,0.283813101005,24.1365300585
LAD,99,0.286369917923,24.1196556516
LAD,100,0.290190898406,23.8856978005
LAD,101,0.291998840987,24.0819042004
LAD,102,0.295365031041,24.0631381875
LAD,103,0.297921847959,24.0536248895
LAD,104,0.301288038014,24.0406341518
LAD,105,0.303095980594,24.2414902377
LAD,106,0.305652797512,24.2368430524
LAD,107,0.30820961443,24.2345477977
LAD,108,0.311575804484,24.2298786096
LAD,109,0.314941994539,24.229637396
LAD,110,0.31674993712,24.4361756244
LAD,111,0.320570917603,24.2376556686
LAD,112,0.323127734521,24.2438308226
LAD,113,0.326493924575,24.2549077549
LAD,114,0.328301867156,24.4662518978
LAD,115,0.33212284764,24.2813446309
LAD,116,0.335489037694,24.3023913283
LAD,117,0.338045854612,24.3169157725
LAD,118,0.341866835096,24.5438300138
LAD,119,0.345687815579,24.3744524417
LAD,120,0.349508796063,24.2101986422
LAD,121,0.352065612981,24.2318431997
LAD,122,0.355431803035,24.2726386978
LAD,123,0.359252783519,24.1202736706
LAD,124,0.363073764003,24.3670309959
LAD,125,0.366439954057,24.4205935441
LAD,126,0.370260934541,24.2812652901
LAD,127,0.373627124595,24.3433771249
LAD,128,0.376993314649,24.4096828942
LAD,129,0.380814295133,24.2841526707
LAD,130,0.384180485187,24.3589416998
LAD,131,0.388001465671,24.2428775703
LAD,132,0.391822446154,24.1319808043
LAD,133,0.395188636208,24.2195027515
LAD,134,0.399009616692,24.5048983979
LAD,135,0.402375806746,24.1701184458
LAD,136,0.405741996801,24.2262555748
LAD,137,0.409108186855,24.3280833566
LAD,138,0.412929167339,24.2399885936
LAD,139,0.415768635441,24.1108335586
LAD,140,0.419134825495,24.2241126848
LAD,141,0.421974293598,24.10090497
LAD,142,0.4248137617,23.9804993566
LAD,143,0.428634742184,23.9104789512
LAD,144,0.431474210286,23.7957869081
LAD,145,0.434840400341,23.926774152
LAD,146,0.438206590395,24.0119259778
LAD,147,0.441572780449,24.14973729
LAD,148,0.444412248552,24.0472692359
LAD,149,0.447251716654,23.947650693
LAD,150,0.450617906708,24.0458437885
LAD,151,0.453984096762,24.1480350027
LAD,152,0.457350286817,24.2542120277
LAD,153,0.460716476871,24.3643623196
LAD,154,0.462524419452,24.5627148745
LAD,155,0.466345399935,24.9203381913
LAD,156,0.468153342516,25.1197183846
LAD,157,0.469961285097,25.3197733345
LAD,158,0.473782265581,25.1988566464
LAD,159,0.475590208162,25.4009699114
LAD,160,0.477398150743,25.6037456515
LAD,161,0.479206093324,25.8071799332
LAD,162,0.481014035905,26.0112688437
LAD,163,0.484835016388,25.9008520156
LAD,164,0.487391833306,26.3447609874
LAD,165,0.489199775887,26.550974057
LAD,166,0.491756592805,26.521088334
LAD,167,0.495122782859,26.6556440478
LAD,168,0.49693072544,26.8644738057
LAD,169,0.499487542358,26.8390950966
LAD,170,0.502853732412,26.9794104812
LAD,171,0.50541054933,26.9573746336
LAD,172,0.509231529814,26.8700560007
LAD,173,0.511039472395,27.0839361701
LAD,174,0.514405662449,27.2341076832
LAD,175,0.517771852503,27.3880431024
LAD,176,0.521592832987,27.3153697018
LAD,177,0.524959023041,27.4771912968
LAD,178,0.527798491143,27.4245658946
LAD,179,0.531619471627,27.3639757101
LAD,180,0.534985661681,27.5366575592
LAD,181,0.537825129784,27.4927641924
LAD,182,0.540664597886,27.4517445929
LAD,183,0.544030787941,27.1936857519
LAD,184,0.546870256043,27.1583288973
LAD,185,0.550691236527,27.1365872055
LAD,186,0.554057426581,26.8885258765
LAD,187,0.556896894684,26.861771313
LAD,188,0.560717875167,26.8519492891
LAD,189,0.564538855651,26.8472228671
LAD,190,0.566346798232,26.6314103428
LAD,191,0.570167778716,26.6328740255
LAD,192,0.573988759199,26.6394393736
LAD,193,0.57579670178,26.4264439019
LAD,194,0.579162891834,26.201683249
LAD,195,0.582529081889,25.9804096653
LAD,196,0.586350062372,26.0013193413
LAD,197,0.588158004953,25.7912463571
LAD,198,0.591524195007,25.5781872776
LAD,199,0.594890385062,25.8177969987
LAD,200,0.598711365545,25.3710498839
LAD,201,0.602077555599,25.1681671836
LAD,202,0.604917023702,25.1765217158
LAD,203,0.608283213756,24.9803144926
LAD,204,0.61164940381,24.7535055399
LAD,205,0.615015593865,24.9791186092
LAD,206,0.618381783919,25.208367398
LAD,207,0.621747973973,24.9925358154
LAD,208,0.625568954457,24.9908514672
LAD,209,0.62938993494,24.9946091959
LAD,210,0.631197877521,25.2068083878
LAD,211,0.635018858005,25.2171642574
LAD,212,0.638839838489,25.2329860563
LAD,213,0.641396655407,25.2151285869
LAD,214,0.644762845461,25.4704898288
LAD,215,0.648583825944,25.4983928754
LAD,216,0.650391768525,25.7163033684
LAD,217,0.65375795858,25.9799241803
LAD,218,0.657578939063,26.0186185101
LAD,219,0.660945129117,25.8422416165
LAD,220,0.664766109601,25.4494308068
LAD,221,0.668132299655,25.2806348618
LAD,222,0.670971767758,25.3418059796
LAD,223,0.674792748242,24.9598030198
LAD,224,0.678613728725,24.5816862823
LAD,225,0.681979918779,24.4332328298
LAD,226,0.68378786136,24.2141814375
LAD,227,0.685595803941,23.9957458236
LAD,228,0.688152620859,23.5504935301
LAD,229,0.691518810913,23.4081243232
LAD,230,0.693326753494,23.1911482497
LAD,231,0.696692943548,23.0537138301
LAD,232,0.698500886129,22.8381813169
LAD,233,0.701867076184,22.7057436879
LAD,234,0.705233266238,22.5775212591
LAD,235,0.709054246721,22.6835546494
LAD,236,0.712420436776,22.5640961304
LAD,237,0.715259904878,22.6596207426
LAD,238,0.718099372981,22.7583419361
LAD,239,0.721465563035,23.0711546465
LAD,240,0.724831753089,23.3873342487
LAD,241,0.72663969567,23.5993101136
LAD,242,0.728447638251,23.8119389364
LAD,243,0.730255580832,24.0252162888
LAD,244,0.733621770886,24.3459367245
LAD,245,0.735429713467,24.5602528014
LAD,246,0.738795903521,24.6688956701
LAD,247,0.740603846102,24.8847234291
LAD,248,0.742411788683,25.1011780029
LAD,249,0.744968605601,25.0956092571
LAD,250,0.746776548182,25.3138632201
LAD,251,0.748584490763,25.532730529
LAD,252,0.750392433343,25.7522069911
LAD,253,0.752200375924,25.9722884409
LAD,254,0.754008318505,26.19297074
LAD,255,0.755816261086,26.4142497769
LAD,256,0.757624203667,26.6361214669
LAD,257,0.759432146248,26.8585817518
LAD,258,0.763253126732,26.9687390973
LAD,259,0.765061069313,27.1926794184
LAD,260,0.766869011893,27.4171961559
LAD,261,0.769425828811,27.4279091152
LAD,262,0.771982645729,27.4409419076
LAD,263,0.775803626213,27.5632903279
LAD,264,0.779169816267,27.4627173942
LAD,265,0.782536006321,27.3665775322
LAD,266,0.786356986805,27.0464335257
LAD,267,0.789723176859,26.9393050678
LAD,268,0.793544157343,26.6277536754
LAD,269,0.795352099924,26.4010211696
LAD,270,0.799173080408,26.0944703849
LAD,271,0.801729897325,26.0777873785
LAD,272,0.80509608738,25.9849912142
LAD,273,0.806904029961,25.7612173359
LAD,274,0.808711972541,25.5380372751
LAD,275,0.810519915122,25.3154552928
LAD,276,0.813886105177,25.2297526492
LAD,277,0.815694047757,25.0087135245
LAD,278,0.817501990338,24.788286579
LAD,279,0.820868180393,24.7088738149
LAD,280,0.822676122973,24.4900300677
LAD,281,0.826042313028,24.4160269246
LAD,282,0.828599129946,24.4127883161
LAD,283,0.830407072526,24.1967416362
LAD,284,0.832215015107,23.9813370743
LAD,285,0.835581205162,23.9148633039
LAD,286,0.837389147742,23.7011235207
LAD,287,0.839197090323,23.4880409385
LAD,288,0.842563280378,23.4281629665
LAD,289,0.844371222958,23.2167878912
LAD,290,0.846179165539,23.0060854652
LAD,291,0.84798710812,22.7960604733
LAD,292,0.851353298174,22.7439623665
LAD,293,0.855174278658,22.4786845782
LAD,294,0.857731095576,22.0533001972
LAD,295,0.86155207606,21.7947846899
LAD,296,0.864391544162,21.964539882
LAD,297,0.868212524646,21.7158430985
LAD,298,0.870020467227,21.5010129411
LAD,299,0.873841447711,21.2588416834
LAD,300,0.875649390291,21.0455738757
LAD,301,0.879015580346,21.016471227
LAD,302,0.880823522927,20.8053566005
LAD,303,0.884189712981,20.7829737468
LAD,304,0.885997655562,20.5740690718
LAD,305,0.887805598143,20.3659467044
LAD,306,0.891626578626,20.5606114393
LAD,307,0.894183395544,20.5652987868
LAD,308,0.895991338125,20.3613349389
LAD,309,0.899812318609,20.1452020591
LAD,310,0.902369135527,20.1541126745
LAD,311,0.904925952445,20.1656306001
LAD,312,0.908746932928,19.9563507903
LAD,313,0.911303749846,19.9708018301
LAD,314,0.913860566764,19.9878802262
LAD,315,0.917226756818,19.9995556984
LAD,316,0.919783573736,20.0208386269
LAD,317,0.922340390654,20.0447619376
LAD,318,0.925706580708,20.0651930215
LAD,319,0.927514523289,19.8758606593
LAD,320,0.92932246587,19.6874676274
LAD,321,0.931130408451,19.5000235088
LAD,322,0.932938351032,19.3135380057
LAD,323,0.934746293613,19.1280209409
LAD,324,0.936554236194,18.9434822593
LAD,325,0.938362178774,18.7599320292
LAD,326,0.940170121355,18.5773804438
LAD,327,0.94353631141,18.6174730201
LAD,328,0.94534425399,18.4377495624
LAD,329,0.947901070908,18.037798328
LAD,330,0.949709013489,17.8596468343
LAD,331,0.95151695607,17.6825515642
LAD,332,0.953324898651,17.5065235489
LAD,333,0.955132841232,17.3315739543
LAD,334,0.95768965815,16.934611709
LAD,335,0.959497600731,16.7613478879
LAD,336,0.962054417649,16.3657814963
LAD,337,0.96386236023,16.1942523074
LAD,338,0.967683340713,15.5664945107
LAD,339,0.971049530767,15.6303947886
LAD,340,0.973606347685,15.2377930026
LAD,341,0.975414290266,15.0698879162
LAD,342,0.97923527075,14.4401197523
LAD,343,0.981043213331,14.2732000701
LAD,344,0.983600030249,13.8820939938
LAD,345,0.986156847167,13.4919228058
LAD,346,0.988713664085,13.1027095763
LAD,347,0.991270481002,12.7144781566
LAD,348,0.99382729792,12.3272532128
LAD,349,0.995635240501,12.1653178675
LAD,350,0.998192057419,11.7799312561
LAD,351,1,11.6201249007
LCX,0,0,16.3922808859
LCX,1,0.00631504897115,15.8741841103
LCX,2,0.0134832951141,15.4957273702
LCX,3,0.0182799417047,15.5495995337
LCX,4,0.0216716830358,15.6905035125
LCX,5,0.0288399291788,15.3217367384
LCX,6,0.0360081753217,14.9574810976
LCX,7,0.0431764214646,14.5978078146
LCX,8,0.0465681627958,14.7465636904
LCX,9,0.0537364089387,14.3937844356
LCX,10,0.0600514579099,14.1269278174
LCX,11,0.066366506881,13.864715635
LCX,12,0.0726815558522,13.6071968396
LCX,13,0.0789966048233,13.2799352292
LCX,14,0.0853116537945,12.9576671877
LCX,15,0.0916267027656,12.7116856038
LCX,16,0.0979417517368,12.3979590343
LCX,17,0.102738398327,12.3283976837
LCX,18,0.106130139659,12.4235859262
LCX,19,0.111457046289,12.0215361714
LCX,20,0.11484878762,11.8587675985
LCX,21,0.118240528951,11.697148006
LCX,22,0.121632270283,11.5366868906
LCX,23,0.126428916873,11.2809253383
LCX,24,0.129820658204,11.1227320859
LCX,25,0.133212399536,10.965730038
LCX,26,0.139527448507,10.4009060264
LCX,27,0.144324095097,10.1492812435
LCX,28,0.149120741688,9.90058867448
LCX,29,0.153917388278,9.65488788044
LCX,30,0.158714034869,9.41223969344
LCX,31,0.16351068146,9.17270622558
LCX,32,0.170678927603,8.51625946833
LCX,33,0.174070668934,8.43050897044
LCX,34,0.178867315524,8.19725464257
LCX,35,0.183663962115,7.96734813523
LCX,36,0.188460608706,7.74085855225
LCX,37,0.191852350037,7.66322678325
LCX,38,0.19902059618,7.01324529591
LCX,39,0.20381724277,6.79384113377
LCX,40,0.210132291741,7.15387187273
LCX,41,0.214928938332,6.94251013931
LCX,42,0.219725584923,6.73494036643
LCX,43,0.223117326254,6.67045790477
LCX,44,0.226509067585,6.60819821649
LCX,45,0.229900808916,6.54817991979
LCX,46,0.233292550247,6.49042148461
LCX,47,0.236684291578,6.43494121548
LCX,48,0.24007603291,6.38175723397
LCX,49,0.243467774241,6.33088746059
LCX,50,0.246859515572,6.28234959639
LCX,51,0.253174564543,6.68121216595
LCX,52,0.256566305874,6.63811726052
LCX,53,0.261362952465,6.73517361898
LCX,54,0.264754693796,6.69659572116
LCX,55,0.271922939939,6.35380489091
LCX,56,0.27531468127,6.3191323743
LCX,57,0.280111327861,6.42794427993
LCX,58,0.286426376832,5.95285905947
LCX,59,0.293594622975,5.62463049001
LCX,60,0.298391269565,5.74383280868
LCX,61,0.301783010897,5.71951314061
LCX,62,0.305174752228,5.69770898441
LCX,63,0.309971398818,5.82485501858
LCX,64,0.314768045409,5.95544900311
LCX,65,0.32108309438,6.38330389625
LCX,66,0.325879740971,6.51873846192
LCX,67,0.330676387561,6.6575578307
LCX,68,0.334068128892,6.65015174619
LCX,69,0.341236375035,7.23603577479
LCX,70,0.344628116367,7.23367278542
LCX,71,0.349424762957,7.38264805275
LCX,72,0.3565930091,7.97584123432
LCX,73,0.361389655691,8.13039236372
LCX,74,0.364781397022,8.13722141666
LCX,75,0.368173138353,8.14653117223
LCX,76,0.372969784944,8.30854381438
LCX,77,0.377766431534,8.47374657854
LCX,78,0.382563078125,8.6421176596
LCX,79,0.387359724715,8.81363478817
LCX,80,0.392156371306,8.98827524786
LCX,81,0.399324617449,8.73239008052
LCX,82,0.404121264039,8.91439987504
LCX,83,0.407513005371,9.07354264886
LCX,84,0.412309651961,9.25962397718
LCX,85,0.418624700932,8.99351550633
LCX,86,0.423421347523,9.18485273708
LCX,87,0.428217994114,9.37920746293
LCX,88,0.431609735445,9.54527968872
LCX,89,0.438777981588,9.32216693003
LCX,90,0.443574628178,9.52471716369
LCX,91,0.450742874321,9.24509703836
LCX,92,0.454134615652,9.41862572658
LCX,93,0.457526356984,9.59346185072
LCX,94,0.464694603126,9.38853585265
LCX,95,0.468086344458,9.56683450281
LCX,96,0.472882991048,9.77944290244
LCX,97,0.477679637639,9.99493700209
LCX,98,0.484847883782,9.73576322532
LCX,99,0.489644530372,9.95430069604
LCX,100,0.496812776515,9.77410530608
LCX,101,0.501609423106,9.99970563809
LCX,102,0.505001164437,10.0405689759
LCX,103,0.51216941058,9.87388245367
LCX,104,0.516966057171,10.1084925471
LCX,105,0.521762703761,10.3458406299
LCX,106,0.528930949904,10.1948406921
LCX,107,0.533727596495,10.4390786655
LCX,108,0.540042645466,10.1049201572
LCX,109,0.544839292056,10.3552868658
LCX,110,0.552007538199,10.2254534665
LCX,111,0.55680418479,10.4825967676
LCX,112,0.560195926121,10.5447830775
LCX,113,0.567364172264,10.4288394733
LCX,114,0.573679221235,10.1203010547
LCX,115,0.577070962566,10.1898880253
LCX,116,0.581867609157,10.0640001114
LCX,117,0.5890358553,9.56808310794
LCX,118,0.59383250189,9.45100979156
LCX,119,0.598629148481,9.33886585932
LCX,120,0.605797394624,8.85655141484
LCX,121,0.612965640767,8.37987866729
LCX,122,0.616357382098,8.47191508903
LCX,123,0.623525628241,8.00496974937
LCX,124,0.626917369572,8.10335243267
LCX,125,0.631714016163,8.01626141012
LCX,126,0.638882262306,7.93980527313
LCX,127,0.645197311277,7.68145489573
LCX,128,0.651512360248,7.42928408738
LCX,129,0.657827409219,7.1834166562
LCX,130,0.66414245819,6.94397687548
LCX,131,0.670457507162,6.71108925347
LCX,132,0.673849248493,6.8342296425
LCX,133,0.680164297464,6.61143817843
LCX,134,0.686479346435,6.45747002599
LCX,135,0.693647592578,6.05298258352
LCX,136,0.699962641549,5.8475442647
LCX,137,0.70335438288,5.98452729304
LCX,138,0.709669431851,5.78977983936
LCX,139,0.714466078442,6.12312131116
LCX,140,0.720781127413,5.93923114017
LCX,141,0.727949373556,5.95468171355
LCX,142,0.734264422527,5.78564913271
LCX,143,0.737656163858,5.93939001977
LCX,144,0.74397121283,5.78143308345
LCX,145,0.751139458972,5.82326842216
LCX,146,0.757454507944,5.68058400449
LCX,147,0.764622754087,5.73899953754
LCX,148,0.771791000229,5.41877383424
LCX,149,0.775182741561,5.59107988979
LCX,150,0.781497790532,5.47557540482
LCX,151,0.787812839503,5.36813013662
LCX,152,0.794127888474,5.26881334048
LCX,153,0.801296134617,4.98900790707
LCX,154,0.807611183588,4.90663762074
LCX,155,0.813926232559,4.83261187095
LCX,156,0.821094478702,4.58166742098
LCX,157,0.828262724845,4.34221754031
LCX,158,0.835430970988,4.11448822475
LCX,159,0.842599217131,3.89869337673
LCX,160,0.849767463274,3.69503326634
LCX,161,0.856082512245,3.67594467503
LCX,162,0.862397561216,3.66554860604
LCX,163,0.868712610187,3.66383488214
LCX,164,0.872104351519,3.89167813508
LCX,165,0.87841940049,3.90156605665
LCX,166,0.881811141821,4.13383672328
LCX,167,0.888126190792,4.15512780699
LCX,168,0.891517932123,4.39163610896
LCX,169,0.894909673454,4.62952172728
LCX,170,0.902077919597,4.50245100835
LCX,171,0.90924616574,4.7081348626
LCX,172,0.914042812331,5.11449852658
LCX,173,0.920357861302,5.16766377865
LCX,174,0.926672910273,5.22893747235
LCX,175,0.933841156416,5.13947605854
LCX,176,0.941009402559,5.06218507083
LCX,177,0.94732445153,4.73845132878
LCX,178,0.952651358161,4.57294894519
LCX,179,0.957978264791,4.41208598166
LCX,180,0.964293313762,3.99489206986
LCX,181,0.970608362734,3.68924289271
LCX,182,0.976923411705,3.39049542347
LCX,183,0.981720058295,3.50859393194
LCX,184,0.988035107266,3.22138615319
LCX,185,0.995203353409,3.21358765729
LCX,186,1,2.80056270161
RCA,0,0,1.22343623728
RCA,1,0.00402757642701,1.24272340651
RCA,2,0.00944735589577,1.34674343045
RCA,3,0.0142220486275,1.19893606588
RCA,4,0.0182496250545,1.23506352971
RCA,5,0.0236694045233,0.836751381111
RCA,6,0.0276969809503,0.884028031258
RCA,7,0.0331167604191,0.498262466599
RCA,8,0.0378914531508,0.293243727516
RCA,9,0.040455886579,0.0307319152094
RCA,10,0.0458756660477,0.0126712675891
RCA,11,0.0512954455165,0.006142852233
RCA,12,0.0560701382483,0.174464979949
RCA,13,0.06084483098,0.347881961039
RCA,14,0.0656195237118,0.0755876360165
RCA,15,0.0710393031805,0.0452571966918
RCA,16,0.0764590826493,0.189332824221
RCA,17,0.0804866590763,0.274393910513
RCA,18,0.0845142355033,0.354036206891
RCA,19,0.0892889282351,0.673543726589
RCA,20,0.0940636209668,0.986526136651
RCA,21,0.0994834004356,1.08846312489
RCA,22,0.104258093167,1.38542050205
RCA,23,0.108285669594,1.43727210153
RCA,24,0.113060362326,1.7213109128
RCA,25,0.117087938753,1.76160526501
RCA,26,0.121862631485,2.03221086237
RCA,27,0.125489288019,2.05006794264
RCA,28,0.130263980751,2.29496230959
RCA,29,0.134291557178,2.31733911725
RCA,30,0.138319133605,2.33372645705
RCA,31,0.143093826336,2.57593673253
RCA,32,0.148513605805,2.58703442362
RCA,33,0.153933385274,2.58256305854
RCA,34,0.158708078006,2.79375920749
RCA,35,0.163482770737,2.99575772564
RCA,36,0.168257463469,3.18834227928
RCA,37,0.170821896897,3.4012433479
RCA,38,0.174448553431,3.37151827325
RCA,39,0.1798683329,3.30179270472
RCA,40,0.185288112369,3.71061640094
RCA,41,0.1900628051,3.86486698881
RCA,42,0.194837497832,4.00866724728
RCA,43,0.199612190564,4.14184140541
RCA,44,0.203238847098,4.0754290057
RCA,45,0.20801353983,4.26422562565
RCA,46,0.212788232561,4.37566942429
RCA,47,0.216815808988,4.29592824266
RCA,48,0.22159050172,4.38917070105
RCA,49,0.226365194452,4.47121763709
RCA,50,0.231139887184,4.54197724022
RCA,51,0.234766543717,4.44556357484
RCA,52,0.239541236449,4.49908596727
RCA,53,0.242105669877,4.65687737082
RCA,54,0.246880362609,4.69454731417
RCA,55,0.251655055341,4.72074326663
RCA,56,0.25707483481,5.00672060391
RCA,57,0.261849527541,5.01103680379
RCA,58,0.266624220273,5.00383973482
RCA,59,0.272043999742,4.71122077301
RCA,60,0.276818692474,4.68053794228
RCA,61,0.282238471942,4.91389664399
RCA,62,0.287013164674,4.8614624035
RCA,63,0.291787857406,4.79800702559
RCA,64,0.295815433833,4.61539480211
RCA,65,0.300590126565,4.53501273191
RCA,66,0.303154559993,4.6386236549
RCA,67,0.305718993421,4.73826238011
RCA,68,0.308283426849,4.83389951038
RCA,69,0.310847860277,4.92550887789
RCA,70,0.315622553009,4.81606173856
RCA,71,0.320397245741,4.69640867949
RCA,72,0.322961679169,4.77486046128
RCA,73,0.325526112597,4.84928777517
RCA,74,0.328090546025,4.91968190698
RCA,75,0.332865238757,4.77676315838
RCA,76,0.337639931489,4.62427983526
RCA,77,0.340204364917,4.68201128294
RCA,78,0.343831021451,5.01746530236
RCA,79,0.346395454879,5.06792731691
RCA,80,0.348959888307,5.11439661142
RCA,81,0.351524321735,5.15688548817
RCA,82,0.355150978269,5.47886454133
RCA,83,0.357715411697,5.51391192088
RCA,84,0.362490104429,5.32162827089
RCA,85,0.366116760963,5.63147706695
RCA,86,0.368681194391,5.65508330081
RCA,87,0.372307850925,5.95760767309
RCA,88,0.374872284353,5.973691838
RCA,89,0.377436717781,5.98588498451
RCA,90,0.38285649725,6.04526161644
RCA,91,0.385420930678,6.05017429969
RCA,92,0.39019562341,6.28270296563
RCA,93,0.395615402878,6.32990495317
RCA,94,0.399242059412,6.60434817265
RCA,95,0.404016752144,6.82777608227
RCA,96,0.409436531613,6.86079261527
RCA,97,0.412000965041,6.84334070862
RCA,98,0.415627621575,7.10171742463
RCA,99,0.418192055003,7.07688290128
RCA,100,0.421818711537,7.32708249914
RCA,101,0.427238491006,7.33156191767
RCA,102,0.429802924434,7.29628823512
RCA,103,0.433429580968,7.53280062408
RCA,104,0.437056237501,7.76474041811
RCA,105,0.440682894035,7.99206243023
RCA,106,0.443247327463,7.94222302227
RCA,107,0.446873983997,8.1611848245
RCA,108,0.450500640531,8.37545161069
RCA,109,0.454127297065,8.58498995758
RCA,110,0.456691730493,8.52082972775
RCA,111,0.460318387027,8.72196525452
RCA,112,0.465738166496,8.66893812521
RCA,113,0.46936482303,8.85997258357
RCA,114,0.472991479564,9.04622812121
RCA,115,0.475555912992,8.96554335874
RCA,116,0.479182569526,9.14349207474
RCA,117,0.482809226059,9.31665298583
RCA,118,0.486435882593,9.48501657907
RCA,119,0.489000316021,9.39102603292
RCA,120,0.49156474945,9.29425139291
RCA,121,0.494129182878,9.19474622536
RCA,122,0.496693616306,9.09256284336
RCA,123,0.499258049734,8.98775232377
RCA,124,0.502884706268,9.1347299678
RCA,125,0.505449139696,9.02414750892
RCA,126,0.508013573124,8.91107587001
RCA,127,0.510578006552,8.79556202388
RCA,128,0.514204663086,8.4259963368
RCA,129,0.516769096514,8.30642895112
RCA,130,0.519333529942,8.184559116
RCA,131,0.521897963371,8.06042880437
RCA,132,0.524462396799,8.30998383206
RCA,133,0.528089053333,8.43094087171
RCA,134,0.531715709866,8.54743886697
RCA,135,0.5353423664,8.65948767878
RCA,136,0.540762145869,8.52420891173
RCA,137,0.544388802403,8.6273537064
RCA,138,0.548015458937,8.72610457991
RCA,139,0.551642115471,8.82047503703
RCA,140,0.554206548899,9.05681137281
RCA,141,0.558981241631,9.04257525985
RCA,142,0.562607898164,9.1292657095
RCA,143,0.565172331593,9.36087562676
RCA,144,0.568798988126,9.44150343217
RCA,145,0.57242564466,9.51776908415
RCA,146,0.577200337392,9.48883064029
RCA,147,0.57976477082,9.71385704958
RCA,148,0.582329204248,9.93785169609
RCA,149,0.587748983717,9.74195579542
RCA,150,0.590313417145,9.96197015547
RCA,151,0.593940073679,10.0227866951
RCA,152,0.596504507107,10.2399463065
RCA,153,0.600131163641,10.2946430519
RCA,154,0.603757820175,10.3450212816
RCA,155,0.608532512907,10.2874601965
RCA,156,0.612159169441,10.3319319884
RCA,157,0.615785825974,10.372131241
RCA,158,0.618350259403,10.5785966287
RCA,159,0.620914692831,10.7838848951
RCA,160,0.624541349365,10.8161204736
RCA,161,0.629961128833,10.5684836254
RCA,162,0.633587785367,10.5925385214
RCA,163,0.637214441901,10.6124031151
RCA,164,0.639778875329,10.8078193736
RCA,165,0.644553568061,10.7204011083
RCA,166,0.649328260793,11.1948758397
RCA,167,0.652954917327,11.2048375604
RCA,168,0.658374696795,10.9286090191
RCA,169,0.662001353329,10.9306274342
RCA,170,0.667421132798,11.209798475
RCA,171,0.67219582553,11.1112473707
RCA,172,0.675822482064,11.1031112775
RCA,173,0.681242261532,11.3724653614
RCA,174,0.684868918066,11.3557868269
RCA,175,0.690288697535,11.6114793168
RCA,176,0.695063390267,11.509616656
RCA,177,0.697627823695,11.6827613447
RCA,178,0.703047603164,11.9321088982
RCA,179,0.706674259698,11.898906696
RCA,180,0.709238693126,12.067641419
RCA,181,0.71286534966,12.02841107
RCA,182,0.716492006193,11.9852177048
RCA,183,0.719056439622,12.1483893157
RCA,184,0.722683096155,12.0991889281
RCA,185,0.725247529584,12.2588019955
RCA,186,0.728874186117,12.203597542
RCA,187,0.731438619546,12.3596099544
RCA,188,0.736858399014,12.5732430072
RCA,189,0.739422832442,12.7266264186
RCA,190,0.743049488976,12.6588701884
RCA,191,0.747824181708,12.532255993
RCA,192,0.750388615136,12.6793533905
RCA,193,0.755163307868,13.1031846142
RCA,194,0.7599380006,13.1530275238
RCA,195,0.762502434028,12.9278924063
RCA,196,0.766129090562,12.8458757847
RCA,197,0.771548870031,13.0251196883
RCA,198,0.776968649499,13.1948934453
RCA,199,0.781743342231,13.2147122579
RCA,200,0.7871631217,13.3668192384
RCA,201,0.792582901169,13.5094466088
RCA,202,0.798002680637,13.6425839591
RCA,203,0.802777373369,14.0134471716
RCA,204,0.807552066101,14.3795309204
RCA,205,0.81297184557,14.4896181409
RCA,206,0.817746538301,14.4566933771
RCA,207,0.82316631777,14.5490706603
RCA,208,0.825730751198,14.6809050698
RCA,209,0.83050544393,15.0212210355
RCA,210,0.834132100464,14.8906503244
RCA,211,0.838906793196,15.2228736598
RCA,212,0.84253344973,15.0857783332
RCA,213,0.847953229198,15.1443727661
RCA,214,0.85272792193,15.461097718
RCA,215,0.856354578464,15.3133116057
RCA,216,0.861129271196,15.6215702971
RCA,217,0.866549050664,15.6515958879
RCA,218,0.869113484093,15.7668947209
RCA,219,0.874533263561,15.7852946694
RCA,220,0.87709769699,15.8969114298
RCA,221,0.882517476458,16.4596841454
RCA,222,0.88729216919,16.7403631034
RCA,223,0.889856602618,16.8480678386
RCA,224,0.89463129535,17.1212376382
RCA,225,0.899405988082,17.3881224704
RCA,226,0.90197042151,17.4910636089
RCA,227,0.907390200979,18.0353047846
RCA,228,0.909954634407,18.1353460979
RCA,229,0.914729327138,18.3878974892
RCA,230,0.920149106607,18.9223842726
RCA,231,0.923775763141,18.7285137843
RCA,232,0.928550455873,18.9657759508
RCA,233,0.933325148605,19.3964109713
RCA,234,0.938744928073,19.9158213436
RCA,235,0.943519620805,20.1363679802
RCA,236,0.948939400274,20.6452560232
RCA,237,0.952966976701,20.7639460252
RCA,238,0.956994553128,20.8763973986
RCA,239,0.961022129555,20.982564979
RCA,240,0.965049705982,21.0824032443
RCA,241,0.969077282409,21.1758662559
RCA,242,0.973104858836,21.2629076021
RCA,243,0.977132435263,21.3434803446
RCA,244,0.982552214732,21.0240812962
RCA,245,0.987971994201,20.6955981232
RCA,246,0.991598650734,20.299208617
RCA,247,0.996373343466,20.0567388362
RCA,248,1,19.6591332701
